,text_post,count_comments
311,"–ï—â–µ —Ç—Ä–∏ –Ω–æ–≤—ã—Ö —Ç–µ—Ä–º–∏–Ω–∞ üéâ 
 
–î–≤–∞ —Å–ª–æ–≤–∞ –∏–∑ —Ç—Ä–µ—Ö –Ω–∞–º –ø—Ä–µ–¥–ª–æ–∂–∏–ª–∏ –≤ —á–∞—Ç–µ –∫–∞–Ω–∞–ª–∞, LMS –∏ –º–∞—Ä–∫–µ—Ç–ø–ª–µ–π—Å. 
 
–ü—Ä–µ–¥–ª–∞–≥–∞–π—Ç–µ —Å–≤–æ–∏, –æ–±—è–∑–∞—Ç–µ–ª—å–Ω–æ –¥–æ–±–∞–≤–∏–º! ‚úç 
 
#1TSprint_—Å–ª–æ–≤–∞—Ä—å",7
145,"–ü—Ä–∏—Ä—É—á–∞–µ–º –∏—Å–∫—É—Å—Å—Ç–≤–µ–Ω–Ω—ã–π –∏–Ω—Ç–µ–ª–ª–µ–∫—Ç 
 
üé® 1 –º–∞—Ä—Ç–∞ —Å—Ç–∞—Ä—Ç–æ–≤–∞–ª –∫–æ–Ω–∫—É—Ä—Å –Ω–µ–π—Ä–æ–ø–µ—Ä—Å–æ–Ω–∞–∂–µ–π –ø—Ä–æ–µ–∫—Ç–æ–≤ –°–ø—Ä–∏–Ω—Ç–∞, –∏ –º—ã —É–∂–µ –ø–æ–ª—É—á–∏–ª–∏ –±–æ–ª—å—à–µ –¥–µ—Å—è—Ç–∏ –ø—Ä–æ—Å—Ç–æ –∑–∞–≤–æ—Ä–∞–∂–∏–≤–∞—é—â–∏—Ö –∏—Å—Ç–æ—Ä–∏–π ‚Äî –ø—Ä–æ –∫—É–ø—Ü–æ–≤, –∏—â—É—â–∏—Ö –¥–∏–∫–æ–≤–∏–Ω–Ω—ã–µ —Ç–æ–≤–∞—Ä—ã, —Ä–æ–±–æ—Ç–æ–≤-–ø–æ–º–æ—â–Ω–∏–∫–æ–≤, –ó–æ–ª—É—à–µ–∫, –∫–æ—Ç–æ—Ä—ã–µ –Ω–∞–∫–æ–Ω–µ—Ü-—Ç–æ —Å–æ–∑–¥–∞–ª–∏ –∫—É—Ö–Ω—é —Å–≤–æ–µ–π –º–µ—á—Ç—ã. –ò –∫–æ–Ω–µ—á–Ω–æ, –ø—Ä–æ —Å—Ç—É–¥–µ–Ω—Ç–æ–≤, –Ω–∞—É—á–∏–≤—à–∏—Ö—Å—è –∏—Å–ø–æ–ª—å–∑–æ–≤–∞—Ç—å –Ω–æ–≤—ã–π –∫—Ä–µ–∞—Ç–∏–≤–Ω—ã–π –∏–Ω—Å—Ç—Ä—É–º–µ–Ω—Ç! 
 
ü§ó –í—ã –µ—â–µ —É—Å–ø–µ–≤–∞–µ—Ç–µ –≤–Ω–µ—Å—Ç–∏ —Å–≤–æ–π —Ä–µ—à–∞—é—â–∏–π –≤–∫–ª–∞–¥ –≤ –ø—Ä–∏—Ä—É—á–µ–Ω–∏–µ –Ω–µ–π—Ä–æ—Å–µ—Ç–∏ ‚Äî –ø—Ä–∏–Ω–∏–º–∞–µ–º —Ä–∞–±–æ—Ç—ã –¥–æ 10 –º–∞—Ä—Ç–∞, –∞ —Ç–æ—á–Ω–µ–µ, –¥–æ 23:59 –ú–°–ö. 
 
–ù–∞–ø–æ–º–∏–Ω–∞–µ–º —É—Å–ª–æ–≤–∏—è —É—á–∞—Å—Ç–∏—è: 
üîπ –°—Ñ–æ—Ä–º—É–ª–∏—Ä—É–π—Ç–µ –æ–±—Ä–∞–∑ –í–∞—à–µ–≥–æ –ø—Ä–æ–µ–∫—Ç–∞ (–µ—Å–ª–∏ –±—ã –æ–Ω –±—ã–ª —á–µ–ª–æ–≤–µ–∫–æ–º, –∂–∏–≤–æ—Ç–Ω—ã–º –∏–ª–∏ –∫–∞–∫–∏–º-–ª–∏–±–æ –µ—â–µ –ø–µ—Ä—Å–æ–Ω–∞–∂–µ–º). 
üîπ –° –ø–æ–º–æ—â—å—é –Ω–µ–π—Ä–æ—Å–µ—Ç–∏ –Ω–∞—Ä–∏—Å—É–π—Ç–µ –∏–∑–æ–±—Ä–∞–∂–µ–Ω–∏–µ –≤ —Å–æ–æ—Ç–≤–µ—Ç—Å—Ç–≤–∏–∏ —Å –í–∞—à–∏–º –≤–∏–¥–µ–Ω–∏–µ–º. 
üîπ –ü–æ–¥–ø–∏—à–∏—Ç–µ—Å—å –Ω–∞ –Ω–∞—à—É –≥—Ä—É–ø–ø—É –≤ –í–ö–æ–Ω—Ç–∞–∫—Ç–µ: https://vk.com/1tsprint. 
üîπ –í—ã–ª–æ–∂–∏—Ç–µ –ø–æ—Å—Ç —Å –∏–∑–æ–±—Ä–∞–∂–µ–Ω–∏–µ–º –Ω–∞ —Å–≤–æ–µ–π —Å—Ç—Ä–∞–Ω–∏—Ü–µ. 
üîπ –û—Ç–º–µ—Ç—å—Ç–µ –≤ –ø–æ—Å—Ç–µ —Å–æ–æ–±—â–µ—Å—Ç–≤–æ 1–¢ –°–ø—Ä–∏–Ω—Ç (https://vk.com/1tsprint) –∏ –ø–æ—Å—Ç–∞–≤—å—Ç–µ —Ö–µ—à—Ç–µ–≥ #–ù–µ–π—Ä–æ1–¢ 
üîπ –í –ø–æ—Å—Ç–µ –∫—Ä–∞—Ç–∫–æ –Ω–∞–ø–∏—à–∏—Ç–µ –æ –≤–∞—à–µ–º –ø—Ä–æ–µ–∫—Ç–µ –∏ –æ–± –æ–±—É—á–µ–Ω–∏–∏ –Ω–∞ –∫—É—Ä—Å–∞—Ö 1–¢ (–ø–æ–¥ –∞–≤—Ç–æ—Ä—Å—Ç–≤–æ–º –µ—Å—Ç–µ—Å—Ç–≤–µ–Ω–Ω–æ–≥–æ –∏–ª–∏ –∏—Å–∫—É—Å—Å—Ç–≤–µ–Ω–Ω–æ–≥–æ –∏–Ω—Ç–µ–ª–ª–µ–∫—Ç–∞). 
 
üèÜ –ü—Ä–∏–∑—ã: 
1 –º–µ—Å—Ç–æ ‚Äî 10 —Ç—ã—Å. —Ä—É–±. 
2 –º–µ—Å—Ç–æ ‚Äî 5 —Ç—ã—Å. —Ä—É–±. 
3 –º–µ—Å—Ç–æ ‚Äî 3 —Ç—ã—Å. —Ä—É–±. 
 
üí™ –î–∞–≤–∞–π—Ç–µ –¥–æ–±–∞–≤–∏–º –≤ —Å–æ—Ü—Å–µ—Ç—å –µ—â–µ –±–æ–ª—å—à–µ —è—Ä–∫–∏—Ö –∫—Ä–∞—Å–æ–∫, –ø–æ–∫–∞–∂–∏—Ç–µ, –Ω–∞ —á—Ç–æ —Å–ø–æ—Å–æ–±–Ω–∞ –≤–∞—à–∞ —Ñ–∞–Ω—Ç–∞–∑–∏—è! –ò—Ç–æ–≥–∏ ‚Äî 11 –º–∞—Ä—Ç–∞ –Ω–∞ –°–ø—Ä–∏–Ω—Ç –û—Ñ–ª–∞–π–Ω. 
 
#1–¢–°–ø—Ä–∏–Ω—Ç_–∫–æ–Ω–∫—É—Ä—Å",5
38,"–ò—Ç–æ–≥–∏ –∫–æ–Ω–∫—É—Ä—Å–∞ #–Ω–∞–≤—ã–∫–∏1–¢ 
 
üê≠ –ù–µ–¥–∞–≤–Ω–æ —É 1–¢ –°–ø—Ä–∏–Ω—Ç –ø–æ—è–≤–∏–ª—Å—è –Ω–æ–≤—ã–π –º–µ—Ä—á ‚Äî –∫–æ–≤—Ä–∏–∫ –∏ –∫–æ–º–ø—å—é—Ç–µ—Ä–Ω–∞—è –º—ã—à—å, –∏ –º—ã —Ä–µ—à–∏–ª–∏ —Ä–∞–∑—ã–≥—Ä–∞—Ç—å –∏—Ö —Å—Ä–µ–¥–∏ –≤—ã–ø—É—Å–∫–Ω–∏–∫–æ–≤. –ú—ã –ø–æ–ø—Ä–æ—Å–∏–ª–∏ –≤–∞—Å —Ä–∞—Å—Å–∫–∞–∑–∞—Ç—å –æ –Ω–∞–≤—ã–∫–∞—Ö, –ø–æ–ª—É—á–µ–Ω–Ω—ã—Ö –Ω–∞ –∫—É—Ä—Å–µ, –Ω–∞ —Å–≤–æ–µ–π —Å—Ç—Ä–∞–Ω–∏—Ü–µ –í–ö. 
 
–°–≤–æ–∏–º–∏ –¥–æ—Å—Ç–∏–∂–µ–Ω–∏—è–º–∏ –ø–æ–¥–µ–ª–∏–ª–∏—Å—å: 
 
üåü –ò—Ä–∏–Ω–∞ –ö–∞–±–∞–∫–∏–Ω–∞ ‚Äî –º–∞—Ä–∫–µ—Ç–æ–ª–æ–≥, –∫–æ—Ç–æ—Ä–∞—è –Ω–∞—É—á–∏–ª–∞—Å—å —Å–æ–∑–¥–∞–≤–∞—Ç—å –æ–≥—Ä–æ–º–Ω—ã–µ –º–∞—Ä–∫–µ—Ç–∏–Ω–≥–æ–≤—ã–µ —Å—Ç—Ä–∞—Ç–µ–≥–∏–∏, —Ä–∞–±–æ—Ç–∞—Ç—å —Å –ª—é–±—ã–º–∏ –≤–∏–¥–∞–º–∏ –∫–æ–Ω—Ç–µ–Ω—Ç–∞ –∏ –∏–Ω—Å—Ç—Ä—É–º–µ–Ω—Ç–∞–º–∏ –ø—Ä–æ–¥–≤–∏–∂–µ–Ω–∏—è –≤ –∏–Ω—Ç–µ—Ä–Ω–µ—Ç–µ. 
 
üåü –ú–∞—Ä–∏—è –°–æ–≤–∞ ‚Äî –¥–∏–∑–∞–π–Ω–µ—Ä, –∫–æ—Ç–æ—Ä–∞—è –¥–µ—Ç–∞–ª—å–Ω–æ –æ—Å–≤–æ–∏–ª–∞ –§–∏–≥–º—É –∏ –ø—Ä–∞–∫—Ç–∏—á–µ—Å–∫–∏ —Å—Ä–∞–∑—É –ø–æ—Å–ª–µ –æ–±—É—á–µ–Ω–∏—è –Ω–∞—á–∞–ª–∞ —Ä–∞–±–æ—Ç–∞—Ç—å –Ω–∞ —Ñ—Ä–∏–ª–∞–Ω—Å–µ. 
 
üåü –ù–∞–¥–µ–∂–¥–∞ –ö–æ—Å—é—Ä–∞ ‚Äî —Ä–∞–∑—Ä–∞–±–æ—Ç—á–∏–∫, –∫–æ—Ç–æ—Ä–∞—è –Ω–µ —Ç–æ–ª—å–∫–æ –ø–æ–∑–Ω–∞–∫–æ–º–∏–ª–∞—Å—å —Å –∏–Ω—Å—Ç—Ä—É–º–µ–Ω—Ç–∞–º–∏ –≤–µ–±-—Ä–∞–∑—Ä–∞–±–æ—Ç–∫–∏, –Ω–æ –∏ –ø–æ–ª—É—á–∏–ª–∞ –Ω–∞–≤—ã–∫–∏ —Ä–∞–±–æ—Ç—ã –≤ –∫–æ–º–∞–Ω–¥–µ. 
 
üåü –ï–≤–¥–æ–∫–∏—è –ö–æ—Å—é—Ä–∞ ‚Äî –¥–∏–∑–∞–π–Ω–µ—Ä, –∫–æ—Ç–æ—Ä–∞—è —Ä–∞—Å—à–∏—Ä–∏–ª–∞ —Å–≤–æ–π –∞—Ä—Å–µ–Ω–∞–ª –∏–Ω—Å—Ç—Ä—É–º–µ–Ω—Ç–æ–≤ –¥–ª—è –¥–∏–∑–∞–π–Ω–∞ –∏ –Ω–∞—É—á–∏–ª–∞—Å—å —É—á–∏—Ç—ã–≤–∞—Ç—å –±–∏–∑–Ω–µ—Å-—Ü–µ–ª–∏ –ø—Ä–æ–µ–∫—Ç–∞ –∏ –∞–Ω–∞–ª–∏–∑–∏—Ä–æ–≤–∞—Ç—å —Ü–µ–ª–µ–≤—É—é –∞—É–¥–∏—Ç–æ—Ä–∏—é. 
 
üåü –ú–∏—Ö–∞–∏–ª –ö–∞–ª–µ–≥–∏–Ω ‚Äî —Ä–∞–∑—Ä–∞–±–æ—Ç—á–∏–∫, –∫–æ—Ç–æ—Ä—ã–π –ø–æ–ª—É—á–∏–ª –±–∞–∑—É –¥–ª—è —Å–æ–∑–¥–∞–Ω–∏—è —Å–æ–±—Å—Ç–≤–µ–Ω–Ω–æ–≥–æ –ø—Ä–æ–µ–∫—Ç–∞ –∏ –æ–±—Ä–µ–ª –¥—Ä—É–∑–µ–π –≤ –∫–æ–º–∞–Ω–¥–µ. 
 
üåü –ê–Ω–¥—Ä–µ–π –í–∞–ª–µ–∫–∂–∞–Ω–∏–Ω ‚Äî –∞–Ω–∞–ª–∏—Ç–∏–∫, –∫–æ—Ç–æ—Ä—ã–π –Ω–∞—É—á–∏–ª—Å—è –ø–æ–≥—Ä—É–∂–∞—Ç—å—Å—è –≤ —Å–æ–≤–º–µ—Å—Ç–Ω—ã–µ –º–µ–∂–∫–æ–º–∞–Ω–¥–Ω—ã–µ –∑–∞–¥–∞—á–∏, –≤–∏–¥–µ—Ç—å –∫–∞—Ä—Ç–∏–Ω—É —Ü–µ–ª–∏–∫–æ–º –∏ —É–ø—Ä–æ—â–∞—Ç—å —Ä–∞–±–æ—Ç—É –¥–∏–∑–∞–π–Ω–µ—Ä–∞–º, —Ä–∞–∑—Ä–∞–±–æ—Ç—á–∏–∫–∞–º –∏ —Ç–µ—Å—Ç–∏—Ä–æ–≤—â–∏–∫–∞–º. 
 
üåü –î–∞—Ä—å—è –ü—Ä–æ–∫–æ–ø–æ–≤–∞ ‚Äî –∞–Ω–∞–ª–∏—Ç–∏–∫, –∫–æ—Ç–æ—Ä–∞—è –Ω–∞—É—á–∏–ª–∞—Å—å –±—ã—Å—Ç—Ä–æ —É—á–∏—Ç—å—Å—è, –ø—Ä–æ–∫–∞—á–∞–ª–∞ —Å–∞–º–æ–æ—Ü–µ–Ω–∫—É –∏ –Ω–∞–≤—ã–∫ —Å–∞–º–æ–ø—Ä–µ–∑–µ–Ω—Ç–∞—Ü–∏–∏. 
 
üëâ –í—Å–µ —Ä–∞–±–æ—Ç—ã –º–æ–∂–Ω–æ –ø–æ—Å–º–æ—Ç—Ä–µ—Ç—å –ø–æ —Ö–µ—à—Ç–µ–≥—É #–Ω–∞–≤—ã–∫–∏1–¢.
 
üíú –°–ø–∞—Å–∏–±–æ –≤—Å–µ–º, –∫—Ç–æ –ø—Ä–∏–Ω—è–ª —É—á–∞—Å—Ç–∏–µ. –ú—ã —Å –≤–∞–º–∏ —Å–≤—è–∂–µ–º—Å—è –∏ –æ—Ç–ø—Ä–∞–≤–∏–º –ø—Ä–∏–∑ –≤ –±–ª–∏–∂–∞–π—à–µ–µ –≤—Ä–µ–º—è. –ù–∞–¥–µ–µ–º—Å—è, —á—Ç–æ –ª–æ–≥–æ—Ç–∏–ø 1–¢ –±—É–¥–µ—Ç –≤–¥–æ—Ö–Ω–æ–≤–ª—è—Ç—å –≤–∞—Å –Ω–∞ –¥–∞–ª—å–Ω–µ–π—à–∏–µ –¥–æ—Å—Ç–∏–∂–µ–Ω–∏—è! 
 
#1–¢–°–ø—Ä–∏–Ω—Ç_–∫–æ–Ω–∫—É—Ä—Å",3
100,"–î–æ—Ä–æ–≥–∏–µ –¥—Ä—É–∑—å—è! 
 
üéâ –ù–µ–¥–∞–≤–Ω–æ —á–µ—Ç—ã—Ä–Ω–∞–¥—Ü–∞—Ç—å –∫–æ–º–∞–Ω–¥ 7-–≥–æ –ø–æ—Ç–æ–∫–∞ –∑–∞—â–∏—Ç–∏–ª–∏ —Å–≤–æ–∏ –ø—Ä–æ–µ–∫—Ç—ã. –ß–∞—Å—Ç—å –∑–∞—â–∏—Ç –ø—Ä–æ—Ö–æ–¥–∏–ª–∞ –Ω–∞ –°–ø—Ä–∏–Ω—Ç –û—Ñ–ª–∞–π–Ω. –ú—ã –±—ã–ª–∏ –æ—á–µ–Ω—å —Ä–∞–¥—ã –≤—Å—Ç—Ä–µ—Ç–∏—Ç—å—Å—è —Å –≤–∞–º–∏ ‚Äî –≤—ã –æ—Ç–ª–∏—á–Ω—ã–µ —Å—Ç—É–¥–µ–Ω—Ç—ã –∏ –±—É–¥—É—â–∏–µ –ø—Ä–æ—Ñ–µ—Å—Å–∏–æ–Ω–∞–ª—ã! 
 
üöÄ –¢–µ–ø–µ—Ä—å, –∫–æ–≥–¥–∞ –≤—ã —É–∂–µ –Ω–∞—Å—Ç–æ—è—â–∏–µ —Å–ø–µ—Ü–∏–∞–ª–∏—Å—Ç—ã, –º—ã —Ö–æ—Ç–∏–º –ø–æ–ø—Ä–æ—Å–∏—Ç—å –≤–∞—Å –ø–æ–¥–µ–ª–∏—Ç—å—Å—è —Å–≤–æ–∏–º –æ–ø—ã—Ç–æ–º —Å —Ç–µ–º–∏, –∫—Ç–æ —Ç–æ–ª—å–∫–æ –Ω–∞—á–∏–Ω–∞–µ—Ç —Å–≤–æ–π –ø—É—Ç—å –≤ –æ–±—É—á–µ–Ω–∏–∏. –ü–æ–∂–∞–ª—É–π—Å—Ç–∞, –æ—Å—Ç–∞–≤—å—Ç–µ –æ—Ç–∑—ã–≤ –æ –Ω–∞—à–∏—Ö –∫—É—Ä—Å–∞—Ö –Ω–∞ –ª—é–±–æ–º –∏–∑ —ç—Ç–∏—Ö —Å–∞–π—Ç–æ–≤: 
üîπ –û—Ç–∑–æ–≤–∏–∫ https://otzovik.com/reviews/1t_sprint/ (–ø–æ–∫–∞ –±–æ–ª—å—à–µ –≤—Å–µ–≥–æ –æ—Ç–∑—ã–≤–æ–≤ –∑–¥–µ—Å—å) 
üîπ 2–ì–ò–° https://2gis.ru/moscow/firm/70000001064675332/tab/reviews
üîπ Flamp https://moscow.flamp.ru/firm/1t_sprint_shkola_onlajjn_obrazovaniya-70000001064675332/otzyv-7924039
üîπ Zoon https://zoon.ru/msk/trainings/onlajn-shkola_1t_sprint/
üîπ Yell https://www.yell.ru/moscow/com/1t-sprint_14425639/

üíª –í–∞—à–∏ –æ—Ç–∑—ã–≤—ã –ø–æ–º–æ–≥—É—Ç –¥—Ä—É–≥–∏–º —Ä–µ–±—è—Ç–∞–º —Å–¥–µ–ª–∞—Ç—å –ø—Ä–∞–≤–∏–ª—å–Ω—ã–π –≤—ã–±–æ—Ä –∏ —Å–∫–æ—Ä–µ–µ –ø–æ–ª—É—á–∏—Ç—å –∏–Ω—Ç–µ—Ä–µ—Å–Ω—É—é –∏ –≤–æ—Å—Ç—Ä–µ–±–æ–≤–∞–Ω–Ω—É—é –ø—Ä–æ—Ñ–µ—Å—Å–∏—é! 
 
#1–¢–°–ø—Ä–∏–Ω—Ç_–æ—Ç–∑—ã–≤—ã",3
2,"–ó–∞–∫–ª—é—á–∏—Ç–µ–ª—å–Ω–∞—è —á–∞—Å—Ç—å —Å–æ–≤–µ—Ç–æ–≤ –æ—Ç —É—á–∞—Å—Ç–Ω–∏–∫–æ–≤ —Ä–∞–∑—Ä–∞–±–æ—Ç–∫–∏ 1–¢ –ö–ª—É–±–∞ 
 
üëÜüèª –≠—Ç–∏ —Ä–µ–∫–æ–º–µ–Ω–¥–∞—Ü–∏–∏ –º–æ–≥—É—Ç –ø—Ä–∏–º–µ–Ω—è—Ç—å –≤ —Ä–∞–±–æ—Ç–µ –≤—Å–µ —Å–ø–µ—Ü–∏–∞–ª–∏—Å—Ç—ã. –ù–æ —É—á–∏—Ç—ã–≤–∞–π—Ç–µ, —á—Ç–æ –µ—Å—Ç—å –ø–æ–±–æ—á–Ω—ã–µ —ç—Ñ—Ñ–µ–∫—Ç—ã: 
üîπ —Å–Ω–∏–∂–µ–Ω–∏–µ –ø—Ä–æ–¥—É–∫—Ç–∏–≤–Ω–æ—Å—Ç–∏; 
üîπ –≤—ã–≥–æ—Ä–∞–Ω–∏–µ; 
üîπ –∫–æ–Ω—Ñ–ª–∏–∫—Ç—ã —Å –∑–∞–∫–∞–∑—á–∏–∫–æ–º –∏ –≤–Ω—É—Ç—Ä–∏ –∫–æ–º–∞–Ω–¥—ã; 
üîπ –ø–∞–¥–µ–Ω–∏—è —Å –∫–∞—Ä—å–µ—Ä–Ω–æ–π –ª–µ—Å—Ç–Ω–∏—Ü—ã. 
 
üó£ –í—Å–µ –≤—Ä–µ–¥–Ω—ã–µ —Å–æ–≤–µ—Ç—ã –æ—Ç —É—á–∞—Å—Ç–Ω–∏–∫–æ–≤ —Ä–∞–∑—Ä–∞–±–æ—Ç–∫–∏ 1–¢ –ö–ª—É–±–∞ –≤ –≤–∏–¥–µ–æ –ø–æ —Å—Å—ã–ª–∫–µ: https://www.youtube.com/watch?v=vl31mqOHXS0 
 
#1–¢–ö–ª—É–±_—Ä–µ—Ç—Ä–æ—Å–ø–µ–∫—Ç–∏–≤–∞",2
123,"üè¥‚Äç‚ò† –í—ã–ª–æ–∂–∏–ª–∏ –Ω–∞ –Ω–∞—à–µ–º YouTube-–∫–∞–Ω–∞–ª–µ –≤–∏–¥–µ–æ, —Ç–æ—á–Ω–æ –ø–µ—Ä–µ–¥–∞—é—â–µ–µ –∞—Ç–º–æ—Å—Ñ–µ—Ä—É –ü–∏—Ä–∞—Ç—Å–∫–æ–≥–æ –û—Ñ–ª–∞–π–Ω–∞! https://youtu.be/LYmKJArhmMg
 
üõ≥ –°–æ–±—Ä–∞–ª–∏ –≤ —á–µ—Ç—ã—Ä–µ –º–∏–Ω—É—Ç—ã —Å–∞–º—ã–µ —è—Ä–∫–∏–µ –≤–ø–µ—á–∞—Ç–ª–µ–Ω–∏—è, —Å–∞–º–æ–≥–æ —É–º–Ω–æ–≥–æ –ø–æ–ø—É–≥–∞—è, —Å–∞–º–æ–≥–æ (–Ω–µ)—Å—Ç—Ä–∞—à–Ω–æ–≥–æ –∫—Ä–∞–∫–µ–Ω–∞ –∏ —Å–∞–º—ã–π –Ω–∞—Å—Ç–æ—è—â–∏–π –ø–∏—Ä–∞—Ç—Å–∫–∏–π –∫–æ—Ä–∞–±–ª—å –Ω–∞ –ú–æ—Å–∫–≤–µ-—Ä–µ–∫–µ. –ò, –∫–æ–Ω–µ—á–Ω–æ, —Å–∞–º—ã—Ö –±—Ä–∞–≤—ã—Ö –ø–∏—Ä–∞—Ç–æ–≤ ‚Äî –Ω–∞—à–∏—Ö —Å—Ç—É–¥–µ–Ω—Ç–æ–≤, —É–º–µ—é—â–∏—Ö –¥–æ–±—ã–≤–∞—Ç—å —Å–æ–∫—Ä–æ–≤–∏—â–∞, –±—ã—Ç—å –∫–æ–º–∞–Ω–¥–æ–π –∏ –ø–æ–±–µ–∂–¥–∞—Ç—å! 
 
üí´ –ê –Ω–æ–≤–æ—Å—Ç–∏ –æ —Å–ª–µ–¥—É—é—â–µ–º –û—Ñ–ª–∞–π–Ω–µ ‚Äî —É–∂–µ –∑–∞–≤—Ç—Ä–∞! 
 
#1–¢–°–ø—Ä–∏–Ω—Ç_–æ—Ñ–ª–∞–π–Ω",2
13,"7 –ø–æ–ª–µ–∑–Ω—ã—Ö —Å–µ—Ä–≤–∏—Å–æ–≤ –¥–ª—è —Ç–µ—Ö, –∫—Ç–æ —Ä–∞–±–æ—Ç–∞–µ—Ç —Å —Ç–µ–∫—Å—Ç–∞–º–∏ 
 
üìù –°–µ–≥–æ–¥–Ω—è –ø–æ–¥–≥–æ—Ç–æ–≤–∏–ª–∏ —Å–ø–∏—Å–æ–∫ –ø–æ–ª–µ–∑–Ω—ã—Ö –ø—Ä–æ–≥—Ä–∞–º–º –¥–ª—è —Ä–∞–±–æ—Ç—ã —Å —Ç–µ–∫—Å—Ç–æ–º, –∫–æ—Ç–æ—Ä—ã–º–∏ –ø–æ–ª—å–∑—É–µ–º—Å—è —Å–∞–º–∏: 
 
‚úè –û—Ä—Ñ–æ–≥—Ä–∞–º–º–∫–∞ (https://orfogrammka.ru/) –ø–æ–º–æ–∂–µ—Ç –ø—Ä–æ–≤–µ—Ä–∏—Ç—å –≥—Ä–∞–º–º–∞—Ç–∏–∫—É, —Å—Ç–∏–ª–∏—Å—Ç–∏–∫—É –∏ –ø—É–Ω–∫—Ç—É–∞—Ü–∏—é. –ü—Ä–æ–≥—Ä–∞–º–º–∞ –≤—ã–¥–µ–ª—è–µ—Ç –æ—à–∏–±–∫–∏, –¥–∞–µ—Ç —Å–æ–≤–µ—Ç—ã –ø–æ –∏—Ö –∏—Å–ø—Ä–∞–≤–ª–µ–Ω–∏—é, –æ–±–ª–µ–≥—á–∞–µ—Ç –∫–æ—Ä—Ä–µ–∫—Ç—É—Ä—É —Ç–µ–∫—Å—Ç–∞. –°–µ—Ä–≤–∏—Å –ø–ª–∞—Ç–Ω—ã–π, –Ω–æ –æ–¥–∏–Ω –∏–∑ –ª—É—á—à–∏—Ö –ø–æ –∫–∞—á–µ—Å—Ç–≤—É –ø—Ä–æ–≤–µ—Ä–∫–∏. –ï—Å—Ç—å —Å–∫–∏–¥–∫–∏ –¥–ª—è —É—á–∞—â–∏—Ö—Å—è. 
 
‚úè –ì–ª–∞–≤—Ä–µ–¥ (https://glvrd.ru/) –ø–æ–º–æ–∂–µ—Ç –∏–∑–±–∞–≤–∏—Ç—å—Å—è –æ—Ç —Å–ª–æ–≤–µ—Å–Ω–æ–≥–æ –º—É—Å–æ—Ä–∞, –ª–∏—à–Ω–∏—Ö –º–µ—Å—Ç–æ–∏–º–µ–Ω–∏–π, –∫–∞–Ω—Ü–µ–ª—è—Ä–∏–∑–º–æ–≤ –∏ —à—Ç–∞–º–ø–æ–≤. 
 
‚úè TEXT.RU (https://text.ru/) —Ä–∞—Å–ø–æ–∑–Ω–∞–µ—Ç –ø–ª–∞–≥–∏–∞—Ç, –∑–∞–∏–º—Å—Ç–≤–æ–≤–∞–Ω–∏—è –∏ —Ä–µ—Ä–∞–π—Ç, –ø–æ–∫–∞–∂–µ—Ç –ø—Ä–æ—Ü–µ–Ω—Ç –≤–æ–¥—ã –∏ –∑–∞—Å–ø–∞–º–ª–µ–Ω–Ω–æ—Å—Ç–∏ —Ç–µ–∫—Å—Ç–∞. –ü—Ä–æ–≥—Ä–∞–º–º–∞ –¥–∞–µ—Ç —Å—Å—ã–ª–∫–∏ –Ω–∞ –∏—Å—Ç–æ—á–Ω–∏–∫–∏ –ø–ª–∞–≥–∏–∞—Ç–∞. 
 
‚úè –¢–∏–ø–æ–≥—Ä–∞—Ñ—Å–∫–∞—è —Ä–∞—Å–∫–ª–∞–¥–∫–∞ –ë–∏—Ä–º–∞–Ω–∞ (https://ilyabirman.ru/typography-layout/) –ø–æ–∑–≤–æ–ª–∏—Ç –ª–µ–≥–∫–æ –Ω–∞–±—Ä–∞—Ç—å –Ω–∞ –∫–ª–∞–≤–∏–∞—Ç—É—Ä–µ —Å–ø–µ—Ü–∏–∞–ª—å–Ω—ã–µ —Å–∏–º–≤–æ–ª—ã: –¥–ª–∏–Ω–Ω–æ–µ —Ç–∏—Ä–µ, –∫–∞–≤—ã—á–∫–∏-¬´–µ–ª–æ—á–∫–∏¬ª, –∞–ø–æ—Å—Ç—Ä–æ—Ñ—ã, –∞–∫—Ü–µ–Ω—Ç—ã, –∑–Ω–∞–∫–∏ –≤–∞–ª—é—Ç. 
 
‚úè –¢–∏–ø–æ–≥—Ä–∞—Ñ (https://www.artlebedev.ru/typograf/) –ø–æ–º–æ–∂–µ—Ç, –µ—Å–ª–∏ —Ç–µ–∫—Å—Ç —É–∂–µ –≥–æ—Ç–æ–≤, –∞ —Ä–∞—Å—Å—Ç–∞–≤–ª—è—Ç—å –≤—Ä—É—á–Ω—É—é —Ç–∏—Ä–µ, –∫–∞–≤—ã—á–∫–∏ –∏ –Ω–µ—Ä–∞–∑—Ä—ã–≤–Ω—ã–µ –ø—Ä–æ–±–µ–ª—ã –Ω–µ —Ö–æ—á–µ—Ç—Å—è. 
 
‚úè –ì—Ä–∞–º–æ—Ç–∞.—Ä—É (http://www.gramota.ru/) –æ—Ç–≤–µ—Ç–∏—Ç –Ω–∞ —Å–ª–æ–∂–Ω—ã–µ –≤–æ–ø—Ä–æ—Å—ã –ø–æ –≥—Ä–∞–º–º–∞—Ç–∏–∫–µ –∏ –æ—Ä—Ñ–æ–≥—Ä–∞—Ñ–∏–∏. –ù–∞ —Å–∞–π—Ç–µ –≤—Å—Ç—Ä–æ–µ–Ω —Å–µ—Ä–≤–∏—Å –ø—Ä–æ–≤–µ—Ä–∫–∏ —Å–ª–æ–≤ —Å –æ–≥—Ä–æ–º–Ω–æ–π –±–∞–∑–æ–π –æ—Ç–≤–µ—Ç–æ–≤ —Å–ø—Ä–∞–≤–æ—á–Ω–æ–≥–æ –±—é—Ä–æ. –í –æ—Å–æ–±–æ —Ç—è–∂–µ–ª—ã—Ö —Å–ª—É—á–∞—è—Ö –Ω–∞ —Å–∞–π—Ç–µ –º–æ–∂–Ω–æ –∑–∞–¥–∞—Ç—å —Å–≤–æ–π –≤–æ–ø—Ä–æ—Å. 
 
‚úè Sinonim.org (https://sinonim.org/) ‚Äî –ø–æ–º–æ–∂–µ—Ç –ø–æ–¥–æ–±—Ä–∞—Ç—å —Å–∏–Ω–æ–Ω–∏–º—ã, —á—Ç–æ–±—ã –∏–∑–±–µ–∂–∞—Ç—å –ø–æ–≤—Ç–æ—Ä–æ–≤ –∏ –∏–∑–±–∞–≤–∏—Ç—å—Å—è –æ—Ç —à—Ç–∞–º–ø–æ–≤. 
 
#1–¢–°–ø—Ä–∏–Ω—Ç_–ø—Ä–æ–¥—É–∫—Ç–∏–≤–Ω–æ—Å—Ç—å",1
33,"–ß–µ–≥–æ –Ω–µ —Å—Ç–æ–∏—Ç –¥–µ–ª–∞—Ç—å –Ω–∞ —Å–æ–±–µ—Å–µ–¥–æ–≤–∞–Ω–∏–∏ 
 
–í—ã –æ—Ç–∫–ª–∏–∫–Ω—É–ª–∏—Å—å –Ω–∞ –≤–∞–∫–∞–Ω—Å–∏—é, –ø–æ–ª—É—á–∏–ª–∏ –ø—Ä–∏–≥–ª–∞—à–µ–Ω–∏–µ –Ω–∞ —Å–æ–±–µ—Å–µ–¥–æ–≤–∞–Ω–∏–µ ‚Äî done ‚úÖ 
 
–ê —á—Ç–æ –¥–∞–ª—å—à–µ? –ß—Ç–æ –≥–æ–≤–æ—Ä–∏—Ç—å, –æ —á–µ–º –ª—É—á—à–µ –ø—Ä–æ–º–æ–ª—á–∞—Ç—å, –∞ –≥–¥–µ –ø—Ä–∏—É–∫—Ä–∞—Å–∏—Ç—å? –ú—ã —Ä–∞—Å—Å–∫–∞–∂–µ–º, —á–µ–≥–æ –Ω–µ —Å—Ç–æ–∏—Ç –¥–µ–ª–∞—Ç—å, —á—Ç–æ–±—ã —Å–æ–±–µ—Å–µ–¥–æ–≤–∞–Ω–∏–µ –Ω–µ –æ–∫–∞–∑–∞–ª–æ—Å—å –ø—Ä–æ–≤–∞–ª—å–Ω—ã–º. 
 
1. –ß—Ç–æ –≤—ã –º–æ–∂–µ—Ç–µ —Ä–∞—Å—Å–∫–∞–∑–∞—Ç—å –æ –ø—Ä–µ–¥—ã–¥—É—â–µ–º –º–µ—Å—Ç–µ —Ä–∞–±–æ—Ç—ã? 
‚õî ¬´–ù–∞—á–∞–ª—å–Ω–∏–∫ ‚Äî —Å–∞–º–æ–¥—É—Ä –∏ —Ç–∏—Ä–∞–Ω, –∫–æ–ª–ª–µ–≥–∏ ‚Äî –±–µ–∑–¥–µ–ª—å–Ω–∏–∫–∏, –∞ –∫–æ–º–ø–∞–Ω–∏—è —Å–∫–æ—Ä–æ –∑–∞–∫—Ä–æ–µ—Ç—Å—è, —Ç–∞–∫ –∫–∞–∫ —è —Ç–∞–º –±–æ–ª—å—à–µ –Ω–µ —Ä–∞–±–æ—Ç–∞—é!¬ª 
‚úÖ –í—ã—Å–∫–∞–∑—ã–≤–∞–π—Ç–µ—Å—å –æ –ø—Ä–æ—à–ª–æ–º –º–µ—Å—Ç–µ —Ä–∞–±–æ—Ç—ã –∏ –ø—Ä–∏—á–∏–Ω–∞—Ö —É–≤–æ–ª—å–Ω–µ–Ω–∏—è –Ω–µ–π—Ç—Ä–∞–ª—å–Ω–æ, —á—Ç–æ–±—ã –Ω–µ –≤—ã–≥–ª—è–¥–µ—Ç—å –≤–µ—á–Ω–æ –Ω–µ–¥–æ–≤–æ–ª—å–Ω—ã–º –∏ –æ–±–∏–∂–µ–Ω–Ω—ã–º —Å–æ—Ç—Ä—É–¥–Ω–∏–∫–æ–º. 
 
2. –ü–æ—á–µ–º—É –≤—ã —Ö–æ—Ç–∏—Ç–µ —Ä–∞–±–æ—Ç–∞—Ç—å —É –Ω–∞—Å? 
‚õî ¬´–Ø –¥—É–º–∞–ª, —ç—Ç–æ –≤—ã —Ö–æ—Ç–∏—Ç–µ –∏–º–µ—Ç—å —Ç–∞–∫–æ–≥–æ —Å–æ—Ç—Ä—É–¥–Ω–∏–∫–∞, –∫–∞–∫ —è!¬ª 
‚úÖ –ó–∞—Ä–∞–Ω–µ–µ –∏–∑—É—á–∏—Ç–µ –∫–æ–º–ø–∞–Ω–∏—é, —É–ª–æ–≤–∏—Ç–µ —Ü–µ–Ω–Ω–æ—Å—Ç–∏ –∏ –ø–æ–ø—Ä–æ–±—É–π—Ç–µ –≤—ã–¥–≤–∏–Ω—É—Ç—å –ø—Ä–µ–¥–ª–æ–∂–µ–Ω–∏—è –ø–æ —É–ª—É—á—à–µ–Ω–∏—é. –¢–∞–∫–∏–º –æ–±—Ä–∞–∑–æ–º, —ç–π—á–∞—Ä—É –≤—ã –ø–æ–Ω—Ä–∞–≤–∏—Ç–µ—Å—å –±–æ–ª—å—à–µ, —á–µ–º –∫–æ–Ω–∫—É—Ä–µ–Ω—Ç—ã. 
 
3. –ö–∞–∫–∏–µ —Å—Ç—Ä–∞—Ç–µ–≥–∏—á–µ—Å–∫–∏–µ —Ä–µ—à–µ–Ω–∏—è –≤—ã –≤–∏–¥–∏—Ç–µ –≤ —ç—Ç–æ–π —Å–∏—Ç—É–∞—Ü–∏–∏? 
‚õî üò¥‚Ä¶ 
‚úÖ–ò–∑–±–∞–≤—å—Ç–µ—Å—å –æ—Ç ¬´—Å–∏–Ω–¥—Ä–æ–º–∞ —à–∫–æ–ª—å–Ω–∏–∫–∞¬ª, –∫–æ—Ç–æ—Ä—ã–π –ø—Ä–∏–≤—ã–∫ –≤—Å–µ –¥–µ–ª–∞—Ç—å –ø–æ —É–∫–∞–∑–∫–µ —É—á–∏—Ç–µ–ª—è –∏ –Ω–µ —Å–ø–æ—Å–æ–±–µ–Ω –º—ã—Å–ª–∏—Ç—å –∫—Ä–∏—Ç–∏—á–µ—Å–∫–∏. –î–∞–∂–µ –µ—Å–ª–∏ –≤—ã –Ω–µ –∑–Ω–∞–µ—Ç–µ –æ—Ç–≤–µ—Ç–∞, –ø–æ–ø—Ä–æ—Å–∏—Ç–µ —ç–π—á–∞—Ä–∞ –¥–∞—Ç—å –≤—Ä–µ–º—è –Ω–∞ —Ä–∞–∑–¥—É–º—å–µ –∏ –ø–æ—Å—Ç–∞—Ä–∞–π—Ç–µ—Å—å –æ—Ç–≤–µ—Ç–∏—Ç—å —Ö–æ—Ç—è –±—ã —á–∞—Å—Ç–∏—á–Ω–æ. 
 
4. –ê —á—Ç–æ –±—ã –≤—ã —Ö–æ—Ç–µ–ª–∏ —É–∑–Ω–∞—Ç—å –æ –Ω–∞—Å? 
‚õî ¬´–ù–∏—á–µ–≥–æ, –º–Ω–µ –Ω–µ –æ—á–µ–Ω—å –∏–Ω—Ç–µ—Ä–µ—Å–Ω–æ¬ª 
‚úÖ –ü–æ–∫–∞–∂–∏—Ç–µ, —á—Ç–æ –≤—ã –¥–µ–π—Å—Ç–≤–∏—Ç–µ–ª—å–Ω–æ –∏–Ω—Ç–µ—Ä–µ—Å—É–µ—Ç–µ—Å—å –∫–æ–º–ø–∞–Ω–∏–µ–π –∏ —Ç–µ–º, —á—Ç–æ –æ–Ω–∞ –¥–µ–ª–∞–µ—Ç: —Å–ø—Ä–æ—Å–∏—Ç–µ —á—Ç–æ-–Ω–∏–±—É–¥—å –æ –∫–æ–º–ø–∞–Ω–∏–∏, —Ç–∞–∫–∂–µ –±—É–¥–µ—Ç —É–º–µ—Å—Ç–Ω–æ —É–∑–Ω–∞—Ç—å —Ä–∞–∑–º–µ—Ä –∑–∞—Ä–ø–ª–∞—Ç—ã. –ù–æ –Ω–µ —Å–ø—Ä–∞—à–∏–≤–∞–π—Ç–µ –æ –±–æ–Ω—É—Å–∞—Ö –∏ —Å–∫–∏–¥–∫–∞—Ö –¥–ª—è —Å–æ—Ç—Ä—É–¥–Ω–∏–∫–æ–≤. 
 
5. –ù–µ –ø—ã—Ç–∞–π—Ç–µ—Å—å –∑–∞—Ä–∞–±–æ—Ç–∞—Ç—å –æ—á–∫–∏, –¥–µ–ª–∞—è –∫–æ–º–ø–ª–∏–º–µ–Ω—Ç—ã —Å–æ–±–µ—Å–µ–¥—É—é—â–µ–º—É. 
‚õî ¬´–£ –≤–∞—Å —Ç–∞–∫–æ–π –∫–ª–∞—Å—Å–Ω—ã–π –ø–∏–¥–∂–∞–∫! –í–∏–¥–Ω–æ, —á—Ç–æ –≤—ã –ø—Ä–µ–∫—Ä–∞—Å–Ω—ã–π —á–µ–ª–æ–≤–µ–∫ —Å —Ç–æ–Ω–∫–∏–º –≤–∫—É—Å–æ–º¬ª 
‚úÖ –õ—É—á—à–µ –Ω–∞–π–¥–∏—Ç–µ, –∑–∞ —á—Ç–æ –ø–æ—Ö–≤–∞–ª–∏—Ç—å –∫–æ–º–ø–∞–Ω–∏—é. –ù–∞–ø—Ä–∏–º–µ—Ä: ¬´–ú–Ω–µ –Ω—Ä–∞–≤–∏—Ç—Å—è –≤–∞—à –ø—Ä–æ–¥—É–∫—Ç! –°–ª–æ–∂–Ω–æ –ø—Ä–µ–¥—Å—Ç–∞–≤–∏—Ç—å, —Å–∫–æ–ª—å–∫–æ —Å–∏–ª —É—à–ª–æ –Ω–∞ –µ–≥–æ —Å–æ–∑–¥–∞–Ω–∏–µ¬ª. 
 
‚ùì –†–∞—Å—Å–∫–∞–∂–∏—Ç–µ, –∞ –∫–∞–∫–æ–π –≤–æ–ø—Ä–æ—Å –∏–∑ –≤–∞—à–∏—Ö —Å–æ–±–µ—Å–µ–¥–æ–≤–∞–Ω–∏–π –∑–∞–ø–æ–º–Ω–∏–ª—Å—è –≤–∞–º –±–æ–ª—å—à–µ –≤—Å–µ–≥–æ? 
 
#1–¢–°–ø—Ä–∏–Ω—Ç_HR",1
140,"üîî –°–≤–∏—Å—Ç–∞—Ç—å –≤—Å–µ—Ö –Ω–∞–≤–µ—Ä—Ö! 
 
üè¥‚Äç‚ò† –ò–¢-–∫–æ–Ω—Ñ–µ—Ä–µ–Ω—Ü–∏—è –°–ø—Ä–∏–Ω—Ç –û—Ñ–ª–∞–π–Ω –≤ —Ñ–æ—Ä–º–∞—Ç–µ –ø–∏—Ä–∞—Ç—Å–∫–æ–π –≤–µ—á–µ—Ä–∏–Ω–∫–∏ –æ–±—ä—è–≤–ª—è–µ—Ç—Å—è –æ—Ç–∫—Ä—ã—Ç–æ–π! 
 
ü™¢ –ú–æ—Ä—Å–∫–æ–π –Ω–µ—Ç–≤–æ—Ä–∫–∏–Ω–≥, –ø—Ä–µ–∑–µ–Ω—Ç–∞—Ü–∏–∏ –ø—Ä–æ–µ–∫—Ç–æ–≤ 56 –ø–æ—Ç–æ–∫–∞, —ç–∫—Å–ø–µ—Ä—Ç—ã, —Å–ø–∏–∫–µ—Ä—ã, –≤—ã–ø—É—Å–∫–Ω–∏–∫–∏, —Ñ—É—Ä—à–µ—Ç –∏ –∫—Ä–∞–∫–µ–Ω—ã ‚Äî –≤—Å–µ —ç—Ç–æ –Ω–∞—á–Ω–µ—Ç—Å—è —á–µ—Ä–µ–∑ —Å—á–∏—Ç–∞–Ω–Ω—ã–µ –º–∏–Ω—É—Ç—ã. –ñ–¥–µ–º –æ–Ω–ª–∞–π–Ω-—É—á–∞—Å—Ç–Ω–∏–∫–æ–≤ –Ω–∞ –±–æ—Ä—Ç—É –Ω–∞—à–µ–π —à—Ö—É–Ω—ã! 
 
üî≠ –°—Å—ã–ª–∫–∞ –Ω–∞ –ø–æ–¥–∑–æ—Ä–Ω—É—é —Ç—Ä—É–±—É: https://youtu.be/gtx7AVMhtrQ",1
190,"–ö–∞–∫ —Ä–∞–±–æ—Ç–∞–µ—Ç Bluetooth 
 
‚ö° Bluetooth ‚Äî —Ç–µ—Ö–Ω–æ–ª–æ–≥–∏—è –±–µ—Å–ø—Ä–æ–≤–æ–¥–Ω–æ–π –ø–µ—Ä–µ–¥–∞—á–∏ –¥–∞–Ω–Ω—ã—Ö –º–µ–∂–¥—É —É—Å—Ç—Ä–æ–π—Å—Ç–≤–∞–º–∏. –¢–µ–æ—Ä–µ—Ç–∏—á–µ—Å–∫–∏, –Ω–∞ –Ω–æ–≤—ã—Ö –ø—Ä–æ—Ç–æ–∫–æ–ª–∞—Ö –æ–Ω –º–æ–∂–µ—Ç —Ä–∞–±–æ—Ç–∞—Ç—å –Ω–∞ —Ä–∞—Å—Å—Ç–æ—è–Ω–∏–∏ –±–æ–ª—å—à–µ –∫–∏–ª–æ–º–µ—Ç—Ä–∞, –Ω–æ –Ω–∞ –ø—Ä–∞–∫—Ç–∏–∫–µ —á–∞—â–µ –≤—Å–µ–≥–æ –∏—Å–ø–æ–ª—å–∑—É–µ—Ç—Å—è –¥–∞–ª—å–Ω–æ—Å—Ç—å –¥–æ 10 –º–µ—Ç—Ä–æ–≤. 
 
üßå –°–ª–æ–≤–æ Bluetooth –ø–µ—Ä–µ–≤–æ–¥–∏—Ç—Å—è –∫–∞–∫ ¬´–°–∏–Ω–µ–∑—É–±—ã–π¬ª ‚Äî —ç—Ç–æ –ø—Ä–æ–∑–≤–∏—â–µ –∫–æ—Ä–æ–ª—è –•–∞—Ä–∞–ª—å–¥–∞ I, –∂–∏–≤—à–µ–≥–æ –≤ X –≤–µ–∫–µ, –∫–æ—Ç–æ—Ä—ã–π –æ–±—ä–µ–¥–∏–Ω–∏–ª –¥–∞—Ç—Å–∫–∏–µ –∫–æ—Ä–æ–ª–µ–≤—Å—Ç–≤–∞. –≠—Ç–æ –±—ã–ª–æ —Ä–∞–±–æ—á–∏–º –Ω–∞–∑–≤–∞–Ω–∏–µ–º –ø—Ä–æ–µ–∫—Ç–∞, –ø–æ –∞—Å—Å–æ—Ü–∏–∞—Ü–∏–∏ —Å –æ–±—ä–µ–¥–∏–Ω–µ–Ω–∏–µ–º –ø—Ä–æ—Ç–æ–∫–æ–ª–æ–≤ —Å–≤—è–∑–∏. 
 
üá∏üá™ –ü–æ—á–µ–º—É –°–∫–∞–Ω–¥–∏–Ω–∞–≤–∏—è? Bluetooth ‚Äî —à–≤–µ–¥—Å–∫–æ–µ –∏–∑–æ–±—Ä–µ—Ç–µ–Ω–∏–µ, –µ–≥–æ –Ω–∞—á–∞–ª–∏ —Ä–∞–∑—Ä–∞–±–∞—Ç—ã–≤–∞—Ç—å –≤ Ericsson Mobile, –ª–∏–¥–µ—Ä–µ –º–æ–±–∏–ª—å–Ω–æ–≥–æ —Ä—ã–Ω–∫–∞ —Ç–æ–≥–æ –≤—Ä–µ–º–µ–Ω–∏. –ö—Å—Ç–∞—Ç–∏, –Ω–∏–∫—Ç–æ –Ω–µ –¥—É–º–∞–ª, —á—Ç–æ —ç—Ç–æ –Ω–∞–∑–≤–∞–Ω–∏–µ –ø–æ–π–¥–µ—Ç ¬´–≤ –ø—Ä–æ–¥¬ª ‚Äî –Ω–æ –∫–æ–≥–¥–∞ –ø—Ä–æ—Ç–æ–∫–æ–ª –≤—ã—Ö–æ–¥–∏–ª –Ω–∞ —Ä—ã–Ω–æ–∫, –æ–∫–∞–∑–∞–ª–æ—Å—å, —á—Ç–æ –æ–Ω–æ —É–∂–µ –ø—Ä–∏–∂–∏–ª–æ—Å—å –∏ —á—Ç–æ-—Ç–æ –º–µ–Ω—è—Ç—å —É–∂–µ –ø–æ–∑–¥–Ω–æ. 
 
üéß –°–∞–º–∞—è –ø–µ—Ä–≤–∞—è –≤–µ—Ä—Å–∏—è Bluetooth –≤—ã—à–ª–∞ –≤ 1998 –≥–æ–¥—É. –û–Ω–∞ –º–æ–≥–ª–∞ —Å–æ–µ–¥–∏–Ω—è—Ç—å —É—Å—Ç—Ä–æ–π—Å—Ç–≤–∞ –∏ –ø–µ—Ä–µ–¥–∞–≤–∞—Ç—å –¥–∞–Ω–Ω—ã–µ –Ω–∞ —Å–∫–æ—Ä–æ—Å—Ç–∏ 200 –∫–∏–ª–æ–±–∞–π—Ç –≤ —Å–µ–∫—É–Ω–¥—É. –ê–∫—Ç—É–∞–ª—å–Ω–∞—è —Å–µ–π—á–∞—Å –≤–µ—Ä—Å–∏—è –ø—Ä–æ—Ç–æ–∫–æ–ª–∞ 5.3 –º–æ–∂–µ—Ç –¥–æ—Å—Ç–∏–≥–∞—Ç—å —É–∂–µ 40 –º–µ–≥–∞–±–∏—Ç –≤ —Å–µ–∫—É–Ω–¥—É, –Ω–µ –≥–æ–≤–æ—Ä—è –æ –∫–∞—á–µ—Å—Ç–≤–µ –∏ —Å—Ç–∞–±–∏–ª—å–Ω–æ—Å—Ç–∏ —Å–æ–µ–¥–∏–Ω–µ–Ω–∏—è. –°–µ–π—á–∞—Å Bluetooth —à–∏—Ä–æ–∫–æ –∏—Å–ø–æ–ª—å–∑—É–µ—Ç—Å—è –¥–ª—è —Ä–∞–±–æ—Ç—ã —É–º–Ω—ã—Ö —ç–ª–µ–∫—Ç—Ä–æ–ø—Ä–∏–±–æ—Ä–æ–≤ (–∫–æ–ª–æ–Ω–æ–∫, —Ç–µ–ª–µ–≤–∏–∑–æ—Ä–æ–≤, –ø—Ä–∏–Ω—Ç–µ—Ä–æ–≤) –∏ –±–µ—Å–ø—Ä–æ–≤–æ–¥–Ω—ã—Ö –¥–µ–≤–∞–π—Å–æ–≤ (–Ω–∞—É—à–Ω–∏–∫–æ–≤, –º—ã—à–µ–∫, –≥–µ–π–º–ø–∞–¥–æ–≤). 
 
üìª –ü—Ä–∏–Ω—Ü–∏–ø –¥–µ–π—Å—Ç–≤–∏—è Bluetooth –æ—Å–Ω–æ–≤–∞–Ω –Ω–∞ –∏—Å–ø–æ–ª—å–∑–æ–≤–∞–Ω–∏–∏ —Ä–∞–¥–∏–æ–≤–æ–ª–Ω. –†–∞–¥–∏–æ–ø–µ—Ä–µ–¥–∞—Ç—á–∏–∫, —Ä–∞–±–æ—Ç–∞—é—â–∏–π –≤ –æ–≥—Ä–∞–Ω–∏—á–µ–Ω–Ω–æ–º –¥–∏–∞–ø–∞–∑–æ–Ω–µ —á–∞—Å—Ç–æ—Ç –≤ —Ä–∞–π–æ–Ω–µ 2,4 –≥–∏–≥–∞–≥–µ—Ä—Ü, –æ–±–º–µ–Ω–∏–≤–∞–µ—Ç—Å—è —Å–∏–≥–Ω–∞–ª–∞–º–∏ —Å –¥—Ä—É–≥–∏–º–∏ —É—Å—Ç—Ä–æ–π—Å—Ç–≤–∞–º–∏. –î–∞–Ω–Ω—ã–µ –ø–µ—Ä–µ–¥–∞—é—Ç—Å—è –ø–æ —Å–ø–µ—Ü–∏–∞–ª—å–Ω–æ–º—É –∞–ª–≥–æ—Ä–∏—Ç–º—É FHSS ‚Äî –æ–Ω–∏ —Ä–∞–∑–±–∏–≤–∞—é—Ç—Å—è –Ω–∞ –ø–∞–∫–µ—Ç—ã –∏ –ø–µ—Ä–µ–¥–∞—é—Ç—Å—è –ø–æ –ø—Å–µ–≤–¥–æ—Å–ª—É—á–∞–π–Ω–æ–º—É –∞–ª–≥–æ—Ä–∏—Ç–º—É —Å–∫–∞—á–∫–æ–æ–±—Ä–∞–∑–Ω–æ–π –ø–µ—Ä–µ—Å—Ç—Ä–æ–π–∫–∏ —á–∞—Å—Ç–æ—Ç—ã. –ö–æ–≥–¥–∞ –¥–≤–∞ —É—Å—Ç—Ä–æ–π—Å—Ç–≤–∞ –Ω–∞—Å—Ç—Ä–æ–µ–Ω—ã –Ω–∞ –æ–¥–∏–Ω –∏ —Ç–æ—Ç –∂–µ —à–∞–±–ª–æ–Ω –ø–µ—Ä–µ–¥–∞—á–∏, –æ–Ω–∏ ¬´–Ω–∞—Ö–æ–¥—è—Ç¬ª –¥—Ä—É–≥ –¥—Ä—É–≥–∞ –∏ –ø–µ—Ä–µ–¥–∞—é—Ç –¥–∞–Ω–Ω—ã–µ. –ü—Ä–∏–µ–º–Ω–∏–∫ –æ–±—Ä–∞–±–∞—Ç—ã–≤–∞–µ—Ç –ø–∞–∫–µ—Ç—ã –∏ –≤–æ—Å—Å–æ–∑–¥–∞–µ—Ç –∏–∑ –Ω–∏—Ö –∏–∑–Ω–∞—á–∞–ª—å–Ω—ã–π —Ñ–∞–π–ª. –ï—Å–ª–∏ –≤ —Ä–µ–∑—É–ª—å—Ç–∞—Ç–µ –æ–±–º–µ–Ω–∞ –ø–∞–∫–µ—Ç –¥–∞–Ω–Ω—ã—Ö —Ç–µ—Ä—è–µ—Ç—Å—è, –ø–µ—Ä–µ–¥–∞—Ç—á–∏–∫ –ø—Ä–æ—Å—Ç–æ –æ—Ç–ø—Ä–∞–≤–ª—è–µ—Ç –µ–≥–æ –ø–æ–≤—Ç–æ—Ä–Ω–æ. 
 
#1T–°–ø—Ä–∏–Ω—Ç_–ø—Ä–æ—Ñ–µ—Å—Å–∏–∏",1
211,"–ß—Ç–æ —É–º–µ—é—Ç –Ω–µ–π—Ä–æ—Å–µ—Ç–∏? 
 
–ù–µ–π—Ä–æ—Å–µ—Ç–∏ —É–∂–µ —Å—Ç–∞–ª–∏ –ø—Ä–∏–≤—ã—á–Ω–æ–π —á–∞—Å—Ç—å—é –Ω–∞—à–µ–π –∂–∏–∑–Ω–∏. –ú—ã –ø—Ä–æ—Ö–æ–¥–∏–º –∫–∞–ø—á—É, —Ç–æ –µ—Å—Ç—å —É—á–∏–º –Ω–µ–π—Ä–æ—Å–µ—Ç—å –Ω–∞—Ö–æ–¥–∏—Ç—å –Ω–∞ –∫–∞—Ä—Ç–∏–Ω–∫–µ —Å–≤–µ—Ç–æ—Ñ–æ—Ä—ã –∏–ª–∏ –∞–≤—Ç–æ–±—É—Å—ã, –ø–æ–ª—å–∑—É–µ–º—Å—è –≥–æ–ª–æ—Å–æ–≤—ã–º–∏ –ø–æ–º–æ—â–Ω–∏–∫–∞–º–∏, –∞ –±–µ—Å–ø–∏–ª–æ—Ç–Ω—ã–µ –∞–≤—Ç–æ–º–æ–±–∏–ª–∏ —É–∂–µ –ø–æ –∑–∞–∫–æ–Ω—É –∏–º–µ—é—Ç –ø—Ä–∞–≤–æ –ø–µ—Ä–µ–≤–æ–∑–∏—Ç—å –ø–∞—Å—Å–∞–∂–∏—Ä–æ–≤ (–ø—Ä–∞–≤–¥–∞, –ø–æ–∫–∞ –µ—â–µ –Ω–µ –≤–µ–∑–¥–µ). –ê —á—Ç–æ –µ—â–µ —É–º–µ—é—Ç –Ω–µ–π—Ä–æ—Å–µ—Ç–∏? 
 
üñº –ñ–∏–≤–æ–ø–∏—Å—å 
–í–æ–ø—Ä–æ—Å –æ —Ç–æ–º, –º–æ–∂–µ—Ç –ª–∏ —Ä–æ–±–æ—Ç –Ω–∞–ø–∏—Å–∞—Ç—å —Å–∏–º—Ñ–æ–Ω–∏—é, —Å—Ç–∞–Ω–æ–≤–∏—Ç—Å—è –≤—Å–µ –±–æ–ª–µ–µ –Ω–µ–æ–¥–Ω–æ–∑–Ω–∞—á–Ω—ã–º. –ò—Å–∫—É—Å—Å—Ç–≤–µ–Ω–Ω—ã–π –∏–Ω—Ç–µ–ª–ª–µ–∫—Ç —É–∂–µ –º–æ–∂–µ—Ç –æ–±—Ä–∞–±–∞—Ç—ã–≤–∞—Ç—å –∏–∑–æ–±—Ä–∞–∂–µ–Ω–∏—è, –ø—Ä–∏–¥–∞–≤–∞—è –∏–º –æ–ø—Ä–µ–¥–µ–ª–µ–Ω–Ω—É—é —Å—Ç–∏–ª–∏—Å—Ç–∏–∫—É. –ù–∞–ø—Ä–∏–º–µ—Ä, –Ω–µ–π—Ä–æ—Å–µ—Ç—å Meitu Ai Art –ø—Ä–µ–≤—Ä–∞—â–∞–µ—Ç —Ñ–æ—Ç–æ–≥—Ä–∞—Ñ–∏—é –≤ –∞–Ω–∏–º–µ-—Ä–∏—Å—É–Ω–æ–∫. –ò –¥–∞–∂–µ —Å–æ–∑–¥–∞–≤–∞—Ç—å –∏–∑–æ–±—Ä–∞–∂–µ–Ω–∏—è ¬´–Ω–∞ –∑–∞–∫–∞–∑¬ª: —Å –ø–æ–º–æ—â—å—é –Ω–µ–π—Ä–æ—Å–µ—Ç–∏ Midjourney –º–æ–∂–Ω–æ —Å–≤–æ–∏–º–∏ –≥–ª–∞–∑–∞–º–∏ —É–≤–∏–¥–µ—Ç—å, —á—Ç–æ —Ç–∞–∫–æ–µ ¬´—Å—É–ø —Å –∫–æ—Ç–æ–º¬ª –∏ –∫–∞–∫ –≤—ã–≥–ª—è–¥–∏—Ç –∫–æ–Ω—å –≤ –ø–∞–ª—å—Ç–æ. 
 
üìù –¢–µ–∫—Å—Ç—ã 
–£—á–µ–Ω—ã–µ –∏–∑ –£–Ω–∏–≤–µ—Ä—Å–∏—Ç–µ—Ç–∞ –ö–∞—Ä–Ω–µ–≥–∏ ‚Äî –ú–µ–ª–ª–æ–Ω–∞ –≤ –ü–µ–Ω—Å–∏–ª—å–≤–∞–Ω–∏–∏ —Å–æ–∑–¥–∞–ª–∏ –Ω–µ–π—Ä–æ—Å–µ—Ç—å, –∫–æ—Ç–æ—Ä–∞—è —É–º–µ–µ—Ç –ø–∏—Å–∞—Ç—å –æ—Ä–∏–≥–∏–Ω–∞–ª—å–Ω—ã–µ —Ç–µ–∫—Å—Ç—ã. –î–ª—è –æ–±—É—á–µ–Ω–∏—è —Å–∏—Å—Ç–µ–º—ã —É—á–µ–Ω—ã–µ –∏—Å–ø–æ–ª—å–∑–æ–≤–∞–ª–∏ 2 –º–ª–Ω —Å—Ç–∞—Ç–µ–π –∏–∑ –æ–Ω–ª–∞–π–Ω-—ç–Ω—Ü–∏–∫–ª–æ–ø–µ–¥–∏–∏ ¬´–í–∏–∫–∏–ø–µ–¥–∏—è¬ª. –ù–µ–π—Ä–æ—Å–µ—Ç—å –Ω–∞—É—á–∏–ª–∞—Å—å –Ω–µ —Ç–æ–ª—å–∫–æ —Å–æ–∑–¥–∞–≤–∞—Ç—å —Ç–µ–∫—Å—Ç—ã, –Ω–æ –∏ –ø—Ä–∞–≤–∏–ª—å–Ω–æ —Ä–∞—Å—Å—Ç–∞–≤–ª—è—Ç—å –∑–Ω–∞–∫–∏ –ø—Ä–µ–ø–∏–Ω–∞–Ω–∏—è. –ò—Å–∫—É—Å—Å—Ç–≤–µ–Ω–Ω—ã–π –∏–Ω—Ç–µ–ª–ª–µ–∫—Ç OpenAI, –æ—Å–Ω–æ–≤–∞–Ω–Ω—ã–π –ò–ª–æ–Ω–æ–º –ú–∞—Å–∫–æ–º, —Ç–æ–∂–µ —É–º–µ–µ—Ç –ø–∏—Å–∞—Ç—å —Ç–µ–∫—Å—Ç—ã –∏ –º–æ–∂–µ—Ç —Å–≥–µ–Ω–µ—Ä–∏—Ä–æ–≤–∞—Ç—å —à–∫–æ–ª—å–Ω–æ–µ —Å–æ—á–∏–Ω–µ–Ω–∏–µ.
(–ù–µ –∑–∞–º–µ—Ç–∏–ª–∏ –Ω–∏—á–µ–≥–æ —Å—Ç—Ä–∞–Ω–Ω–æ–≥–æ? –≠—Ç–æ—Ç –∞–±–∑–∞—Ü –ø–æ–ª–Ω–æ—Å—Ç—å—é –Ω–∞–ø–∏—Å–∞–ª–∞ –Ω–µ–π—Ä–æ—Å–µ—Ç—å üòÅ)
 
üå± –°–µ–ª—å—Å–∫–æ–µ —Ö–æ–∑—è–π—Å—Ç–≤–æ 
–í –ò–Ω–¥–∏–∏ –∏–Ω–∂–µ–Ω–µ—Ä—ã Microsoft —Å–æ–≤–º–µ—Å—Ç–Ω–æ —Å —É—á–µ–Ω—ã–º–∏ –∏–∑ ICRISAT –∏—Å–ø–æ–ª—å–∑—É—é—Ç –∏—Å–∫—É—Å—Å—Ç–≤–µ–Ω–Ω—ã–π –∏–Ω—Ç–µ–ª–ª–µ–∫—Ç, —á—Ç–æ–±—ã –æ–ø—Ä–µ–¥–µ–ª—è—Ç—å –æ–ø—Ç–∏–º–∞–ª—å–Ω–æ–µ –≤—Ä–µ–º—è –ø–æ—Å–µ–≤–∞. –ù–µ–π—Ä–æ—Å–µ—Ç—å —Å–ª–µ–¥–∏—Ç –∑–∞ —Å–æ—Å—Ç–æ—è–Ω–∏–µ–º –ø–æ—á–≤—ã –∏ –ø–æ–¥–±–∏—Ä–∞–µ—Ç –Ω–µ–æ–±—Ö–æ–¥–∏–º—ã–µ —É–¥–æ–±—Ä–µ–Ω–∏—è, –∞ –∫–æ–≥–¥–∞ –Ω–∞—Å—Ç—É–ø–∞–µ—Ç –±–ª–∞–≥–æ–ø—Ä–∏—è—Ç–Ω—ã–π –¥–ª—è –ø–æ—Å–µ–≤–∞ –º–æ–º–µ–Ω—Ç, –≤—ã—Å—ã–ª–∞–µ—Ç —Ñ–µ—Ä–º–µ—Ä–∞–º SMS —Å –æ–ø–æ–≤–µ—â–µ–Ω–∏–µ–º. –í –∏—Ç–æ–≥–µ —É—Ä–æ–∂–∞–π —Ñ–µ—Ä–º–µ—Ä–æ–≤, —É—á–∞—Å—Ç–≤—É—é—â–∏—Ö –≤ –ø—Ä–æ–≥—Ä–∞–º–º–µ, –≤—ã—Ä–æ—Å –Ω–∞ 40%. 
 
üõ° –ë–µ–∑–æ–ø–∞—Å–Ω–æ—Å—Ç—å 
–ö–æ–º–∞–Ω–¥–∞ —Ä–∞–∑—Ä–∞–±–æ—Ç—á–∏–∫–æ–≤ –∏–∑ –¢–µ—Ö–Ω–æ–ª–æ–≥–∏—á–µ—Å–∫–æ–≥–æ —É–Ω–∏–≤–µ—Ä—Å–∏—Ç–µ—Ç–∞ –°–∏–¥–Ω–µ—è –ø—Ä–µ–¥—Å—Ç–∞–≤–∏–ª–∞ –ò–ò-–¥—Ä–æ–Ω—ã –¥–ª—è –ø–∞—Ç—Ä—É–ª–∏—Ä–æ–≤–∞–Ω–∏—è –ø–ª—è–∂–µ–π. –û–Ω–∏ –∏—â—É—Ç –∞–∫—É–ª –≤ –ø—Ä–∏–±—Ä–µ–∂–Ω—ã—Ö –≤–æ–¥–∞—Ö –∏ –ø—Ä–µ–¥—É–ø—Ä–µ–∂–¥–∞—é—Ç –ª—é–¥–µ–π –Ω–∞ –ø–ª—è–∂–∞—Ö –æ–± –æ–ø–∞—Å–Ω–æ—Å—Ç–∏. –ê–Ω–∞–ª–∏–∑ –≤–∏–¥–µ–æ–∑–∞–ø–∏—Å–µ–π –ø—Ä–æ–≤–æ–¥–∏—Ç –Ω–µ–π—Ä–æ—Å–µ—Ç—å. –ö–∞–∫ —É—Ç–≤–µ—Ä–∂–¥–∞—é—Ç –∞–≤—Ç–æ—Ä—ã –∏–¥–µ–∏, –∏—Å–∫—É—Å—Å—Ç–≤–µ–Ω–Ω—ã–π –∏–Ω—Ç–µ–ª–ª–µ–∫—Ç –æ–±–Ω–∞—Ä—É–∂–∏–≤–∞–µ—Ç –∞–∫—É–ª –≤ 90% —Å–ª—É—á–∞–µ–≤, —Ç–æ–≥–¥–∞ –∫–∞–∫ —á–µ–ª–æ–≤–µ–∫-–æ–ø–µ—Ä–∞—Ç–æ—Ä –≤—ã—è–≤–ª—è–µ—Ç –∏—Ö —Ç–æ–ª—å–∫–æ –≤ 20-30% —Å–ª—É—á–∞–µ–≤. 
 
#1T–°–ø—Ä–∏–Ω—Ç_–ò–ò",1
213,"–í—á–µ—Ä–∞, 26 –¥–µ–∫–∞–±—Ä—è, –≤ –°–æ–≤–µ—Ç–µ –§–µ–¥–µ—Ä–∞—Ü–∏–∏ —Å–æ—Å—Ç–æ—è–ª—Å—è –∫—Ä—É–≥–ª—ã–π —Å—Ç–æ–ª –Ω–∞ —Ç–µ–º—É ¬´–§–µ–¥–µ—Ä–∞–ª—å–Ω—ã–π –ø—Ä–æ–µ–∫—Ç ¬´–ò—Å–∫—É—Å—Å—Ç–≤–µ–Ω–Ω—ã–π –∏–Ω—Ç–µ–ª–ª–µ–∫—Ç¬ª: –≤–æ–ø—Ä–æ—Å—ã –Ω–æ—Ä–º–∞—Ç–∏–≤–Ω–æ–≥–æ —Ä–µ–≥—É–ª–∏—Ä–æ–≤–∞–Ω–∏—è –∏ –∫–∞–¥—Ä–æ–≤–æ–≥–æ –æ–±–µ—Å–ø–µ—á–µ–Ω–∏—è¬ª. 
 
–ù–∞ –≤—Å—Ç—Ä–µ—á–µ –æ–±—Å—É–∂–¥–∞–ª–∞—Å—å –∑–∞–∫–æ–Ω–æ–¥–∞—Ç–µ–ª—å–Ω–∞—è –±–∞–∑–∞, —Ä–µ–≥—É–ª–∏—Ä—É—é—â–∞—è —Ä–∞–∑–≤–∏—Ç–∏–µ –∏—Å–∫—É—Å—Å—Ç–≤–µ–Ω–Ω–æ–≥–æ –∏–Ω—Ç–µ–ª–ª–µ–∫—Ç–∞ –≤ –†–æ—Å—Å–∏–∏, –ø–µ—Ä—Å–ø–µ–∫—Ç–∏–≤—ã –∏ –ø–æ–∑–∏—Ç–∏–≤–Ω—ã–µ –ø—Ä–∏–º–µ—Ä—ã –ø–æ–¥–≥–æ—Ç–æ–≤–∫–∏ –∫–∞–¥—Ä–æ–≤. –°–æ—Å—Ç–æ—è–ª–æ—Å—å —Ç–∞–∫–∂–µ –Ω–∞–≥—Ä–∞–∂–¥–µ–Ω–∏–µ –ª—É—á—à–∏—Ö –≤—ã–ø—É—Å–∫–Ω–∏–∫–æ–≤ –≤—É–∑–æ–≤. 
 
–ö–æ–º–ø–∞–Ω–∏—è 1–¢ ‚Äî –æ–¥–∏–Ω –∏–∑ –≤–µ–¥—É—â–∏—Ö —Ü–µ–Ω—Ç—Ä–æ–≤ —Ä–∞–∑—Ä–∞–±–æ—Ç–∫–∏ —Ä–µ—à–µ–Ω–∏–π —Å –∏—Å–∫—É—Å—Å—Ç–≤–µ–Ω–Ω—ã–º –∏–Ω—Ç–µ–ª–ª–µ–∫—Ç–æ–º, —É—á–∞—Å—Ç–Ω–∏–∫ —Ñ–µ–¥–µ—Ä–∞–ª—å–Ω–æ–≥–æ –ø—Ä–æ–µ–∫—Ç–∞ ¬´–ò—Å–∫—É—Å—Å—Ç–≤–µ–Ω–Ω—ã–π –∏–Ω—Ç–µ–ª–ª–µ–∫—Ç¬ª. –ó–∞–¥–∞—á–∞ –ø—Ä–æ–µ–∫—Ç–∞ ‚Äî —Å–æ–∑–¥–∞–Ω–∏–µ —É—Å–ª–æ–≤–∏–π –¥–ª—è —Ä–∞–∑–≤–∏—Ç–∏—è –æ—Ç–µ—á–µ—Å—Ç–≤–µ–Ω–Ω—ã—Ö –ò–ò-—Ç–µ—Ö–Ω–æ–ª–æ–≥–∏–π, –ø–æ–¥–¥–µ—Ä–∂–∫–∞ –Ω–∞—É—á–Ω—ã—Ö –∏—Å—Å–ª–µ–¥–æ–≤–∞–Ω–∏–π, –ø–æ–≤—ã—à–µ–Ω–∏–µ —É—Ä–æ–≤–Ω—è –æ–±–µ—Å–ø–µ—á–µ–Ω–∏—è –∫–≤–∞–ª–∏—Ñ–∏—Ü–∏—Ä–æ–≤–∞–Ω–Ω—ã–º–∏ –∫–∞–¥—Ä–∞–º–∏. –§–µ–¥–µ—Ä–∞–ª—å–Ω—ã–π –ø—Ä–æ–µ–∫—Ç –∫—É—Ä–∏—Ä—É–µ—Ç –ü—Ä–∞–≤–∏—Ç–µ–ª—å—Å—Ç–≤–æ –†–æ—Å—Å–∏–∏, –ú–∏–Ω–∏—Å—Ç–µ—Ä—Å—Ç–≤–æ —ç–∫–æ–Ω–æ–º–∏—á–µ—Å–∫–æ–≥–æ —Ä–∞–∑–≤–∏—Ç–∏—è –∏ –£–Ω–∏–≤–µ—Ä—Å–∏—Ç–µ—Ç 2035. 
 
–ê–∫–∞–¥–µ–º–∏—á–µ—Å–∫–∏–π –¥–∏—Ä–µ–∫—Ç–æ—Ä 1–¢ –ò–≤–∞–Ω –¢—É–≥–æ–π —Ä–∞—Å—Å–∫–∞–∑–∞–ª –æ –∫—É—Ä—Å–µ –ø–æ–≤—ã—à–µ–Ω–∏—è –∫–≤–∞–ª–∏—Ñ–∏–∫–∞—Ü–∏–∏ –¥–ª—è —Å–ø–µ—Ü–∏–∞–ª–∏—Å—Ç–æ–≤ –ø–æ —Ä–∞–±–æ—Ç–µ —Å –±–æ–ª—å—à–∏–º–∏ –¥–∞–Ω–Ω—ã–º–∏ ‚Äî –∏–Ω–∂–µ–Ω–µ—Ä–æ–≤ –¥–∞–Ω–Ω—ã—Ö: ¬´–î–ª—è –æ–±—É—á–µ–Ω–∏—è –ª—é–±–æ–≥–æ –∏—Å–∫—É—Å—Å—Ç–≤–µ–Ω–Ω–æ–≥–æ –∏–Ω—Ç–µ–ª–ª–µ–∫—Ç–∞ –Ω—É–∂–Ω—ã –Ω–∞–±–æ—Ä—ã –¥–∞–Ω–Ω—ã—Ö, –∫–æ—Ç–æ—Ä—ã–µ –º–æ–≥—É—Ç –ø–æ–¥–≥–æ—Ç–æ–≤–∏—Ç—å —Ç–æ–ª—å–∫–æ –∫–≤–∞–ª–∏—Ñ–∏—Ü–∏—Ä–æ–≤–∞–Ω–Ω—ã–µ —Å–ø–µ—Ü–∏–∞–ª–∏—Å—Ç—ã. –ò–º–µ–Ω–Ω–æ –ø–æ—ç—Ç–æ–º—É –º—ã —É–¥–µ–ª—è–µ–º –æ—Å–æ–±–æ–µ –≤–Ω–∏–º–∞–Ω–∏–µ –∏–Ω–∂–µ–Ω–µ—Ä–∏–∏ –¥–∞–Ω–Ω—ã—Ö. –ù–∞ –∫—É—Ä—Å–µ –º—ã –∏–∑—É—á–∞–µ–º –º–µ—Ç–æ–¥—ã —Å–±–æ—Ä–∞ –∏ –∞–Ω–∞–ª–∏–∑–∞ –¥–∞–Ω–Ω—ã—Ö, –∞ —Ç–∞–∫–∂–µ –æ–±—Ä–∞–±–æ—Ç–∫—É –¥–∞–Ω–Ω—ã—Ö –¥–ª—è —Ä–µ—à–µ–Ω–∏—è –∑–∞–¥–∞—á –º–∞—à–∏–Ω–Ω–æ–≥–æ –æ–±—É—á–µ–Ω–∏—è –∏ –∏—Å–∫—É—Å—Å—Ç–≤–µ–Ω–Ω–æ–≥–æ –∏–Ω—Ç–µ–ª–ª–µ–∫—Ç–∞. 
 
–¢–∞–∫–∂–µ –º—ã –Ω–∞–ø—Ä—è–º—É—é —Ä–µ—à–∞–µ–º –∫–∞–¥—Ä–æ–≤—É—é –ø—Ä–æ–±–ª–µ–º—É ‚Äî —Ç—Ä—É–¥–æ—É—Å—Ç—Ä–∞–∏–≤–∞–µ–º –ª—É—á—à–∏—Ö —É—á–µ–Ω–∏–∫–æ–≤, –≤ —Ç–æ–º —á–∏—Å–ª–µ –∏ –≤ –Ω–∞—à–µ–π –∫–æ–º–ø–∞–Ω–∏–∏. –ù–∞—à —É—á–µ–±–Ω—ã–π –∫—É—Ä—Å ‚Äî —ç—Ç–æ —Å—Ç–∞–∂–∏—Ä–æ–≤–æ—á–Ω–∞—è –ø–ª–æ—â–∞–¥–∫–∞, —Å–µ–π—á–∞—Å –Ω–∞ –µ—ë –±–∞–∑–µ –º—ã –≤—ã—Ä–∞—â–∏–≤–∞–µ–º –∫–ª–∞—Å—Å–Ω—ã—Ö —Å–ø–µ—Ü–∏–∞–ª–∏—Å—Ç–æ–≤ –∏ –æ–±–µ—Å–ø–µ—á–∏–≤–∞–µ–º –∏—Ö –∫–æ–Ω—Ç–∞–∫—Ç —Å –∫–ª–∏–µ–Ω—Ç–∞–º–∏. –û–Ω–∏ –≤—ã–ø–æ–ª–Ω—è—é—Ç —Ä–µ–∞–ª—å–Ω—ã–µ –∑–∞–∫–∞–∑—ã –≤ –æ–±–ª–∞—Å—Ç–∏ –∏—Å–∫—É—Å—Å—Ç–≤–µ–Ω–Ω–æ–≥–æ –∏–Ω—Ç–µ–ª–ª–µ–∫—Ç–∞, –≤–º–µ—Å—Ç–µ —Ä–∞–±–æ—Ç–∞—è –Ω–∞ –ø—Ä–æ—Ü–≤–µ—Ç–∞–Ω–∏–µ —Ä–æ—Å—Å–∏–π—Å–∫–æ–π —ç–∫–æ–Ω–æ–º–∏–∫–∏¬ª. 
 
#1–¢–°—Ç–∞—Ä—Ç_–ò–ò",1
216,"–°—Ç—Ä–∞—Ç–µ–≥–∏–∏ –ø–µ—Ä–µ–≥–æ–≤–æ—Ä–æ–≤ 
 
ü§ù –ì–æ–≤–æ—Ä—è—Ç, —á—Ç–æ —á–µ—Å—Ç–Ω–∞—è —Å–¥–µ–ª–∫–∞ ‚Äî —ç—Ç–æ —Ç–∞, –ø–æ—Å–ª–µ –∫–æ—Ç–æ—Ä–æ–π –æ–±–µ —Å—Ç–æ—Ä–æ–Ω—ã —Ä–∞—Å—Ö–æ–¥—è—Ç—Å—è –Ω–µ–¥–æ–≤–æ–ª—å–Ω—ã–º–∏. 
 
üë• –í –ø–µ—Ä–µ–≥–æ–≤–æ—Ä–∞—Ö –≤—Å–µ–≥–¥–∞ –µ—Å—Ç—å –¥–≤–µ —Å—Ç–æ—Ä–æ–Ω—ã, –∏ –¥–ª—è –æ–±–µ–∏—Ö –≤–∞–∂–µ–Ω —Ä–µ–∑—É–ª—å—Ç–∞—Ç: –∫–∞–∂–¥—ã–π —É—á–∞—Å—Ç–Ω–∏–∫ —Ö–æ—á–µ—Ç —á—Ç–æ-—Ç–æ –ø–æ–ª—É—á–∏—Ç—å –∏ –Ω–µ –ø–æ—Ç–µ—Ä—è—Ç—å —Ç–æ, —á—Ç–æ —É –Ω–µ–≥–æ –µ—Å—Ç—å. –ù–∞–π—Ç–∏ –±–∞–ª–∞–Ω—Å –º–µ–∂–¥—É —ç—Ç–∏–º–∏ —ç–ª–µ–º–µ–Ω—Ç–∞–º–∏ –∏ –µ—Å—Ç—å –≥–ª–∞–≤–Ω–∞—è –∑–∞–¥–∞—á–∞ –ª—é–±—ã—Ö –ø–µ—Ä–µ–≥–æ–≤–æ—Ä–æ–≤. 
 
üéØ –°—É—â–µ—Å—Ç–≤—É–µ—Ç –Ω–µ—Å–∫–æ–ª—å–∫–æ —Å—Ç—Ä–∞—Ç–µ–≥–∏–π —Ç–æ–≥–æ, –∫–∞–∫ –≤–µ—Å—Ç–∏ –ø–µ—Ä–µ–≥–æ–≤–æ—Ä—ã. –ß—Ç–æ–±—ã –≤—ã–±—Ä–∞—Ç—å –ø–æ–¥—Ö–æ–¥—è—â—É—é, –≤–∞–º –Ω—É–∂–Ω–æ –æ—Ü–µ–Ω–∏—Ç—å, –Ω–∞—Å–∫–æ–ª—å–∫–æ –≤—ã –∏ –≤–∞—à –ø–∞—Ä—Ç–Ω–µ—Ä –∑–∞–∏–Ω—Ç–µ—Ä–µ—Å–æ–≤–∞–Ω—ã –≤ —Ä–µ–∑—É–ª—å—Ç–∞—Ç–µ –∏ –±—É–¥—É—â–∏—Ö –æ—Ç–Ω–æ—à–µ–Ω–∏—è—Ö –¥—Ä—É–≥ —Å –¥—Ä—É–≥–æ–º. 
 
–í—ã–¥–µ–ª—è—é—Ç —á–µ—Ç—ã—Ä–µ –æ—Å–Ω–æ–≤–Ω—ã—Ö —Å—Ç—Ä–∞—Ç–µ–≥–∏–∏: 
 
–£–∫–ª–æ–Ω–µ–Ω–∏–µ 
–ö–æ–≥–¥–∞ –Ω–µ —Ç–∞–∫ —É–∂ –≤–∞–∂–µ–Ω —Ä–µ–∑—É–ª—å—Ç–∞—Ç –∏ —É–∫—Ä–µ–ø–ª–µ–Ω–∏–µ –æ—Ç–Ω–æ—à–µ–Ω–∏–π ‚Äî –º–æ–∂–Ω–æ –ø—Ä–æ—Å—Ç–æ —É–∫–ª–æ–Ω–∏—Ç—å—Å—è. –ö–∞–∂–µ—Ç—Å—è, —á—Ç–æ —ç—Ç–æ –Ω–µ–≤—ã–≥–æ–¥–Ω–æ ‚Äî –≤–µ–¥—å –≤—ã —Ç–µ—Ä—è–µ—Ç–µ –≤—Ä–µ–º—è. –ù–æ –Ω–∞ —Å–∞–º–æ–º –¥–µ–ª–µ —Å–∏—Ç—É–∞—Ü–∏–∏, –≥–¥–µ –ª—É—á—à–µ –≤—ã–±—Ä–∞—Ç—å –∏–º–µ–Ω–Ω–æ —ç—Ç—É —Å—Ç—Ä–∞—Ç–µ–≥–∏—é, –≤—Å—Ç—Ä–µ—á–∞—é—Ç—Å—è –Ω–µ—Ä–µ–¥–∫–æ ‚Äî –∫–æ–≥–¥–∞ –≤—ã –∑–Ω–∞–µ—Ç–µ, —á—Ç–æ –ø–µ—Ä–µ–≥–æ–≤–æ—Ä—ã –ø—Ä–∏–≤–µ–¥—É—Ç –∫ –Ω–µ–≤—ã–≥–æ–¥–Ω–æ–π –¥–ª—è –≤–∞—Å —Å–¥–µ–ª–∫–µ. 
 
–ü—Ä–∏—Å–ø–æ—Å–æ–±–ª–µ–Ω–∏–µ 
–ï—Å–ª–∏ –≤—ã –±–æ–ª—å—à–µ –∑–∞–∏–Ω—Ç–µ—Ä–µ—Å–æ–≤–∞–Ω—ã –≤ –¥–æ–ª–≥–æ—Å—Ä–æ—á–Ω–æ–º —É–∫—Ä–µ–ø–ª–µ–Ω–∏–∏ –æ—Ç–Ω–æ—à–µ–Ω–∏–π, —á–µ–º –≤ –±–ª–∏–∂–∞–π—à–µ–º —Ä–µ–∑—É–ª—å—Ç–∞—Ç–µ ‚Äî –º–æ–∂–Ω–æ –∏–¥—Ç–∏ –Ω–∞ —É—Å—Ç—É–ø–∫–∏. –î–µ–ª–∞–π—Ç–µ —ç—Ç–æ, –µ—Å–ª–∏ —Ö–æ—Ç–∏—Ç–µ —Å–æ—Ö—Ä–∞–Ω–∏—Ç—å –∏–ª–∏ –ø–æ—Å—Ç—Ä–æ–∏—Ç—å –∫—Ä–µ–ø–∫–∏–µ –æ—Ç–Ω–æ—à–µ–Ω–∏—è —Å –ø–∞—Ä—Ç–Ω–µ—Ä–æ–º –∏ –µ—Å–ª–∏ –Ω–µ —É–≤–µ—Ä–µ–Ω—ã –≤ —Å–≤–æ–µ–π –ø—Ä–∞–≤–æ—Ç–µ –Ω–∞ —Å—Ç–æ –ø—Ä–æ—Ü–µ–Ω—Ç–æ–≤ –∏ –≥–æ—Ç–æ–≤—ã –ø—Ä–∏–Ω—è—Ç—å —á—É–∂–∏–µ —É—Å–ª–æ–≤–∏—è. 
 
–°–æ—Å—Ç—è–∑–∞–Ω–∏–µ 
–£ —ç—Ç–æ–π —Å—Ç—Ä–∞—Ç–µ–≥–∏–∏ –º–Ω–æ–≥–æ –Ω–∞–∑–≤–∞–Ω–∏–π: —Å–ø–æ—Ä, –ø—Ä–µ–æ–±–ª–∞–¥–∞–Ω–∏–µ, —Ä–∞—Å–ø—Ä–µ–¥–µ–ª–∏—Ç–µ–ª—å–Ω–∞—è —Å–¥–µ–ª–∫–∞. –°—É—Ç—å –æ–¥–Ω–∞ ‚Äî –∫ —Å—Ç—Ä–∞—Ç–µ–≥–∏–∏ —Å–æ—Å—Ç—è–∑–∞–Ω–∏—è –º–æ–∂–Ω–æ –æ–±—Ä–∞—â–∞—Ç—å—Å—è, –µ—Å–ª–∏ –≤—ã —Å–∏–ª—å–Ω–æ –æ–∑–∞–±–æ—á–µ–Ω—ã —Å–≤–æ–µ–π –≤—ã–≥–æ–¥–æ–π –∏ —Ä–∞–≤–Ω–æ–¥—É—à–Ω—ã –∫ –≤—ã–≥–æ–¥–µ –ø–∞—Ä—Ç–Ω–µ—Ä–∞. –°–æ—Å—Ç—è–∑–∞—Ç—å—Å—è –º–æ–∂–Ω–æ ¬´–∂–µ—Å—Ç–∫–æ¬ª ‚Äî —Å –∏—Å–ø–æ–ª—å–∑–æ–≤–∞–Ω–∏–µ–º —É–≥—Ä–æ–∑, –ø—Ä–∏–Ω—É–∂–¥–µ–Ω–∏—è –∏–ª–∏ –æ–¥–Ω–æ—Å—Ç–æ—Ä–æ–Ω–Ω–∏—Ö –¥–µ–π—Å—Ç–≤–∏–π, –∏ ¬´–º—è–≥–∫–æ¬ª ‚Äî —Å —Ç–æ—Ä–≥–æ–º, –ø–æ–∏—Å–∫–æ–º –Ω–∞–∏–ª—É—á—à–µ–≥–æ –≤–æ–∑–º–æ–∂–Ω–æ–≥–æ –¥–ª—è —Å–µ–±—è —Ä–µ—à–µ–Ω–∏—è. –û–ø—è—Ç—å –∂–µ, –æ—Ü–µ–Ω–∏–≤–∞–π—Ç–µ –≤–∞—à –∏–Ω—Ç–µ—Ä–µ—Å ‚Äî —Å—Ç–æ—è—Ç –ª–∏ —Ä–∏—Å–∫–∏ ¬´–∂–µ—Å—Ç–∫–æ–≥–æ¬ª –º–µ—Ç–æ–¥–∞ –ø–æ–ª—É—á–µ–Ω–Ω–æ–π –≤—ã–≥–æ–¥—ã. 
 
–°–æ—Ç—Ä—É–¥–Ω–∏—á–µ—Å—Ç–≤–æ –∏–ª–∏ –∫–æ–º–ø—Ä–æ–º–∏—Å—Å 
–≠—Ç–∞ —Å—Ç—Ä–∞—Ç–µ–≥–∏—è ‚Äî —Å–∞–º–∞—è —ç–∫–æ–ª–æ–≥–∏—á–Ω–∞—è. –ù—É–∂–Ω–æ –ø–æ—Å—Ç–∞—Ä–∞—Ç—å—Å—è —Å–æ–∑–¥–∞—Ç—å —Ç–∞–∫—É—é —Å–∏—Ç—É–∞—Ü–∏—é, –≥–¥–µ –≤—ã–∏–≥—Ä—ã—à –æ–¥–Ω–æ–π –∏–∑ —Å—Ç–æ—Ä–æ–Ω –Ω–µ –æ–∑–Ω–∞—á–∞–ª –±—ã –ø—Ä–æ–∏–≥—Ä—ã—à–∞ –¥—Ä—É–≥–æ–π, —á—Ç–æ–±—ã –∫–∞–∂–¥—ã–π —É—á–∞—Å—Ç–Ω–∏–∫ –æ—Å—Ç–∞–ª—Å—è –≤ –ø–ª—é—Å–µ. –ò–ª–∏, –µ—Å–ª–∏ —ç—Ç–æ –Ω–µ–≤–æ–∑–º–æ–∂–Ω–æ, —á—Ç–æ–±—ã –∫–∞–∂–¥—ã–π —Å–ø—Ä–∞–≤–µ–¥–ª–∏–≤–æ –ø–æ–Ω–µ—Å –æ–¥–∏–Ω–∞–∫–æ–≤—ã–π ¬´—É—â–µ—Ä–±¬ª ‚Äî —ç—Ç–æ –∫–æ–º–ø—Ä–æ–º–∏—Å—Å. 
 
#1TSprint_–ø—Ä–æ–¥—É–∫—Ç–∏–≤–Ω–æ—Å—Ç—å",1
224,"–ë–∏–Ω–≥–æ ¬´1–¢ –°–ø—Ä–∏–Ω—Ç¬ª 
 
üéâ –°–∫–æ—Ä–æ –ù–æ–≤—ã–π –≥–æ–¥, –≤—Ä–µ–º—è –ø–æ–¥–≤–æ–¥–∏—Ç—å –∏—Ç–æ–≥–∏ –∏ —Å—Ç–∞–≤–∏—Ç—å –Ω–æ–≤—ã–µ —Ü–µ–ª–∏. –°–¥–µ–ª–∞–ª–∏ –¥–ª—è –≤–∞—Å –∏–≥—Ä—É-–±–∏–Ω–≥–æ! 
 
üéØ –û—Ç–º–µ—á–∞–π—Ç–µ, –∫–∞–∫–∏–µ –ø—É–Ω–∫—Ç—ã –≤—ã —Å–º–æ–≥–ª–∏ –≤—ã–ø–æ–ª–Ω–∏—Ç—å –≤ —ç—Ç–æ–º –≥–æ–¥—É ‚Äî –±–∏–Ω–≥–æ —Å—á–∏—Ç–∞–µ—Ç—Å—è —Å–æ–±—Ä–∞–Ω–Ω—ã–º, –µ—Å–ª–∏ –ø–æ–ª—É—á–∏–ª–æ—Å—å –∑–∞–∫—Ä—ã—Ç—å –ª–∏–Ω–∏—é –ø–æ –≤–µ—Ä—Ç–∏–∫–∞–ª–∏, –≥–æ—Ä–∏–∑–æ–Ω—Ç–∞–ª–∏ –∏–ª–∏ –Ω–∞–∏—Å–∫–æ—Å–æ–∫. 
 
–î–µ–ª–∏—Ç–µ—Å—å —Ä–µ–∑—É–ª—å—Ç–∞—Ç–∞–º–∏ –≤ –∫–æ–º–º–µ–Ω—Ç–∞—Ä–∏—è—Öüëá 
 
#1TSprint_fun",1
238,"üî• –£–∂–µ –Ω–µ—Å–∫–æ–ª—å–∫–æ –¥–Ω–µ–π –∏–Ω—Ç–µ—Ä–Ω–µ—Ç —Ä–∞–∑–≤–ª–µ–∫–∞–µ—Ç—Å—è, –∑–∞–≥—Ä—É–∂–∞—è —Ñ–æ—Ç–æ–≥—Ä–∞—Ñ–∏–∏ –≤ –Ω–µ–π—Ä–æ—Å–µ—Ç—å, –∫–æ—Ç–æ—Ä–∞—è –∏–∑ –ª—é–±–æ–π —Ñ–æ—Ç–æ–≥—Ä–∞—Ñ–∏–∏ –¥–µ–ª–∞–µ—Ç –ø–µ—Ä—Å–æ–Ω–∞–∂–∞ –∞–Ω–∏–º–µ. 
 
ü§î –ú—ã –ø–æ–¥—É–º–∞–ª–∏, –∞ —á—Ç–æ –±—É–¥–µ—Ç, –µ—Å–ª–∏ –∑–∞–≥—Ä—É–∑–∏—Ç—å —Ç—É–¥–∞ –º–∞—Å–∫–æ—Ç—ã –Ω–∞—à–∏—Ö –∫—É—Ä—Å–æ–≤? –ü—Ä–∞–≤–¥–∞, –æ–Ω–∏ —É–∂–µ –≤—ã–≥–ª—è–¥—è—Ç –∫–∞–∫ –ø–µ—Ä—Å–æ–Ω–∞–∂–∏ –∞–Ω–∏–º–µ ‚Äî –Ω–æ —á—Ç–æ —Å –Ω–∏–º–∏ —Å–¥–µ–ª–∞–µ—Ç –Ω–µ–π—Ä–æ—Å–µ—Ç—å? 
 
–°—Å—ã–ª–∫–∞ –Ω–∞ –±–æ—Ç ‚Äî –≤ –∫–æ–º–º–µ–Ω—Ç–∞—Ä–∏—è—Ö!üëá 
 
#1TSprint_fun",1
288,"ü§® –ù–µ—Å–∫–æ–ª—å–∫–æ –ª–µ—Ç –Ω–∞–∑–∞–¥ —Ä—É–∫–æ–≤–æ–¥–∏—Ç–µ–ª—å –∞–º–µ—Ä–∏–∫–∞–Ω—Å–∫–æ–π –∫–æ–º–ø–∞–Ω–∏–∏, —Ä–∞–∑—Ä–∞–±–∞—Ç—ã–≤–∞—é—â–µ–π –ü–û –¥–ª—è –ø–æ—Å—Ç–∞–≤—â–∏–∫–æ–≤ –ø—Ä–æ–¥—É–∫—Ç–æ–≤ –ø–∏—Ç–∞–Ω–∏—è, –∑–∞–ø–∏—Å–∞–ª –≤–∏–¥–µ–æ –æ –ø—Ä–æ–±–ª–µ–º–µ, —Å –∫–æ—Ç–æ—Ä–æ–π —Å—Ç–æ–ª–∫–Ω—É–ª—Å—è. –ö–ª–∏–µ–Ω—Ç—ã —á–∞—Å—Ç–æ –æ–±—Ä–∞—â–∞—é—Ç—Å—è –≤ —Ç–µ—Ö–ø–æ–¥–¥–µ—Ä–∂–∫—É —Å –∂–∞–ª–æ–±–∞–º–∏ –Ω–∞ —Ç–æ, —á—Ç–æ –Ω–∞–∑–≤–∞–Ω–∏—è —Ç–æ–≤–∞—Ä–æ–≤ –≤ –±–∞–∑–µ –Ω–µ–ø—Ä–∞–≤–∏–ª—å–Ω—ã–µ. 
 
ü•ë –ù–∞–ø—Ä–∏–º–µ—Ä, —Å–æ—Ä—Ç –∞–≤–æ–∫–∞–¥–æ haas –ø—Ä–µ–≤—Ä–∞—Ç–∏–ª—Å—è –≤ hass, –∞ —Ö–ª–æ–ø—å—è Fruit Loops –≤–¥—Ä—É–≥ —Å—Ç–∞–ª–∏ –Ω–∞–∑—ã–≤–∞—Ç—å—Å—è Froot Loops. –ù–æ –ø–æ—Å–ª–µ —Ä–∞–∑–±–∏—Ä–∞—Ç–µ–ª—å—Å—Ç–≤ –æ–∫–∞–∑—ã–≤–∞–ª–æ—Å—å, —á—Ç–æ –Ω–∞–∑–≤–∞–Ω–∏—è –≤–µ—Ä–Ω—ã–µ ‚Äî —ç—Ç–æ —Ä–∞–∑–Ω—ã–µ –∫–ª–∏–µ–Ω—Ç—ã –≤ —Ä–∞–∑–Ω—ã—Ö –∫–æ–Ω—Ü–∞—Ö —Å—Ç—Ä–∞–Ω—ã –æ–¥–Ω–æ–≤—Ä–µ–º–µ–Ω–Ω–æ –∑–∞–ø–æ–º–Ω–∏–ª–∏ –∏—Ö –Ω–µ–ø—Ä–∞–≤–∏–ª—å–Ω–æ. 
 
üí° –¢–∞–∫–∏–µ —Å–ª—É—á–∞–∏ –æ–±—ä—è—Å–Ω—è—é—Ç—Å—è ¬´—ç—Ñ—Ñ–µ–∫—Ç–æ–º –ú–∞–Ω–¥–µ–ª—ã¬ª ‚Äî ¬´–ª–æ–∂–Ω–æ–π –ø–∞–º—è—Ç—å—é¬ª, –∫–æ–≥–¥–∞ —É –ª—é–¥–µ–π —Å–æ–≤–ø–∞–¥–∞—é—Ç –≤–æ—Å–ø–æ–º–∏–Ω–∞–Ω–∏—è, –ø—Ä–æ—Ç–∏–≤–æ—Ä–µ—á–∞—â–∏–µ —Ä–µ–∞–ª—å–Ω—ã–º —Ñ–∞–∫—Ç–∞–º. 
 
üì∫ –¢–µ—Ä–º–∏–Ω –∑–∞–∫—Ä–µ–ø–∏–ª—Å—è –≤ 2013 –≥–æ–¥—É, –ø–æ—Å–ª–µ —Å–º–µ—Ä—Ç–∏ –ù–µ–ª—å—Å–æ–Ω–∞ –ú–∞–Ω–¥–µ–ª—ã, –∞—Ñ—Ä–∏–∫–∞–Ω—Å–∫–æ–≥–æ –ø–æ–ª–∏—Ç–∏–∫–∞. –ú–Ω–æ–≥–∏–µ –±—ã–ª–∏ —É–±–µ–∂–¥–µ–Ω—ã, —á—Ç–æ —É–∂–µ —Å–ª—ã—à–∞–ª–∏ —ç—Ç—É –Ω–æ–≤–æ—Å—Ç—å –º–Ω–æ–≥–æ –ª–µ—Ç –Ω–∞–∑–∞–¥: –æ–Ω–∏ –≤—Å–ø–æ–º–∏–Ω–∞–ª–∏ —Ç–µ–ª–µ–ø–µ—Ä–µ–¥–∞—á–∏, –≥–∞–∑–µ—Ç–Ω—ã–µ –∑–∞–≥–æ–ª–æ–≤–∫–∏, –∫–æ—Ç–æ—Ä—ã–µ —è–∫–æ–±—ã –≤–∏–¥–µ–ª–∏ —Å–≤–æ–∏–º–∏ –≥–ª–∞–∑–∞–º–∏. –° —Ä–∞—Å–ø—Ä–æ—Å—Ç—Ä–∞–Ω–µ–Ω–∏–µ–º –∏–Ω—Ç–µ—Ä–Ω–µ—Ç–∞, –∫–æ–≥–¥–∞ –ø–æ—è–≤–∏–ª–∞—Å—å –≤–æ–∑–º–æ–∂–Ω–æ—Å—Ç—å —Å—Ä–∞–≤–Ω–∏–≤–∞—Ç—å —Å–≤–æ–∏ –≤–æ—Å–ø–æ–º–∏–Ω–∞–Ω–∏—è —Å –≤–æ—Å–ø–æ–º–∏–Ω–∞–Ω–∏—è–º–∏ –¥—Ä—É–≥–∏—Ö, —Å–ª—É—á–∞–∏ ¬´—ç—Ñ—Ñ–µ–∫—Ç–∞ –ú–∞–Ω–¥–µ–ª—ã¬ª —Å—Ç–∞–ª–∏ –ø–æ—è–≤–ª—è—Ç—å—Å—è –≤—Å–µ —á–∞—â–µ. 
 
üõ∏ –í —á–µ–º –∂–µ –ø—Ä–∏—á–∏–Ω–∞? –†—É–∫–æ–≤–æ–¥–∏—Ç–µ–ª—å –∫–æ–º–ø–∞–Ω–∏–∏, –ø—Ä–æ –∫–æ—Ç–æ—Ä—É—é –º—ã –≥–æ–≤–æ—Ä–∏–ª–∏ –≤ –Ω–∞—á–∞–ª–µ, —É—Ç–≤–µ—Ä–∂–¥–∞–µ—Ç, —á—Ç–æ –≤—Å—ë –¥–µ–ª–æ –≤ –ø–∞—Ä–∞–ª–ª–µ–ª—å–Ω—ã—Ö –≤—Å–µ–ª–µ–Ω–Ω—ã—Ö, –≥–¥–µ –±—ã–ª–∏ —Ö–ª–æ–ø—å—è —Å –¥—Ä—É–≥–∏–º –Ω–∞–∑–≤–∞–Ω–∏–µ–º. 
 
ü§î –ù–æ —É—á–µ–Ω—ã–µ –≤—Å–µ-—Ç–∞–∫–∏ —Å—Ö–æ–¥—è—Ç—Å—è –Ω–∞ —Ç–æ–º, —á—Ç–æ —ç—Ç–æ —Å–ª–µ–¥—Å—Ç–≤–∏–µ –Ω–µ—Å–æ–≤–µ—Ä—à–µ–Ω—Å—Ç–≤–∞ –Ω–∞—à–µ–π –ø–∞–º—è—Ç–∏: –æ–Ω–∞ –º–æ–∂–µ—Ç –Ω–µ –∑–∞–º–µ—á–∞—Ç—å –º–µ–ª–∫–∏—Ö –¥–µ—Ç–∞–ª–µ–π, –∞ –ø–æ—Ç–æ–º –¥–æ–¥—É–º—ã–≤–∞—Ç—å –Ω–æ–≤—ã–µ. –ò –µ—Å–ª–∏ –≤–∞—à —Å–æ–±–µ—Å–µ–¥–Ω–∏–∫ –ø–æ–º–Ω–∏—Ç —Ç–æ, —á–µ–≥–æ —Ç–æ—á–Ω–æ –Ω–µ –±—ã–ª–æ, –Ω–µ —Å–ø–µ—à–∏—Ç–µ –µ–≥–æ –æ–±–≤–∏–Ω—è—Ç—å ‚Äî –æ–Ω –º–æ–∂–µ—Ç –ø—Ä–æ—Å—Ç–æ –±—ã—Ç—å –≤ –æ—á–µ—Ä–µ–¥–Ω–æ–π ¬´–ª–æ–≤—É—à–∫–µ –º—ã—à–ª–µ–Ω–∏—è¬ª. 
 
üîπ–ü—Ä–æ–≤–µ—Ä—å—Ç–µ —Å–µ–±—è: 
–í—ã —Ö–æ—Ç—å —Ä–∞–∑ –≤–∏–¥–µ–ª–∏ —ç–º–æ–¥–∑–∏ –≥—Ä–∞–±–∏—Ç–µ–ª—è? –ü—Ä–∏–º–µ—Ä–Ω–æ —Ç–∞–∫–æ–≥–æ, –∫–∞–∫ –Ω–∞ –æ–±–ª–æ–∂–∫–µ –ø–æ—Å—Ç–∞ üëá

–ü—Ä–∞–≤–∏–ª—å–Ω—ã–π –æ—Ç–≤–µ—Ç ‚Äî –≤ –ø–µ—Ä–≤–æ–º –∫–æ–º–º–µ–Ω—Ç–∞–∏–∏!

üë®‚Äçüéì –≠—Ç–æ –∏–Ω—Ç–µ—Ä–µ—Å–Ω—ã–π –ø—Ä–∏–º–µ—Ä –∫–æ–≥–Ω–∏—Ç–∏–≤–Ω—ã—Ö –∏—Å–∫–∞–∂–µ–Ω–∏–π –∏ –ø—Ä–∏—á—É–¥ —á–µ–ª–æ–≤–µ—á–µ—Å–∫–æ–π –ø–∞–º—è—Ç–∏. –£—á–∏—Ç—ã–≤–∞–π—Ç–µ —ç—Ç–æ, –∫–æ–≥–¥–∞ —Å—Ç–æ–ª–∫–Ω–µ—Ç–µ—Å—å —Å —Ç–µ–º, —á—Ç–æ –¥—Ä—É–≥–∏–µ –ø–æ–º–Ω—è—Ç —Å–æ–±—ã—Ç–∏—è —Å–æ–≤—Å–µ–º –Ω–µ —Ç–∞–∫, –∫–∞–∫ –≤—ã ‚Äî –∏–Ω–æ–≥–¥–∞ —Ç–∞–∫–æ–µ —Å–ª—É—á–∞–µ—Ç—Å—è –¥–∞–∂–µ —Å —Ü–µ–ª—ã–º–∏ –≥—Ä—É–ø–ø–∞–º–∏ –ª—é–¥–µ–π. 
 
#1TSprint_–ø—Ä–æ–¥—É–∫—Ç–∏–≤–Ω–æ—Å—Ç—å",1
